CustomerID,TotalTransactions,TotalSpent,MinBalance,MaxBalance,AvgTransaction,TotalReceived_Credit,TotalSpent_Debit,TransactionCount_Channel_ATM,TransactionCount_Channel_Branch,TransactionCount_Channel_BankOnline
1,43.0,15711.32,300.87,14563.02,365.3795349,3130.76,12580.56,14.0,15.0,14.0
2,62.0,17641.43,354.9,14489.69,284.5391935,4988.88,12652.55,17.0,23.0,22.0
3,45.0,15111.33,300.87,14410.44,335.8073333,5192.51,9918.82,14.0,18.0,13.0
4,58.0,15293.96,349.98,14852.42,263.6889655,3104.46,12189.5,20.0,20.0,18.0
5,59.0,15169.02,160.83,14942.78,257.1020339,3490.49,11678.53,21.0,18.0,20.0
6,48.0,13542.41,289.71,14348.65,282.1335417,2535.28,11007.13,17.0,14.0,17.0
7,62.0,19799.53,207.74,12799.34,319.3472581,6529.26,13270.27,19.0,23.0,20.0
8,56.0,17680.83,117.98,14321.73,315.7291071,3727.73,13953.1,21.0,25.0,10.0
9,59.0,19267.22,130.76,14935.5,326.5630508,3887.79,15379.43,14.0,19.0,26.0
10,60.0,17904.99,221.56,14851.28,298.4165,4570.51,13334.48,24.0,17.0,19.0
11,53.0,16686.69,259.77,12148.32,314.8432075,6588.49,10098.2,18.0,18.0,17.0
12,42.0,12564.51,167.28,13330.74,299.155,2194.29,10370.22,20.0,11.0,11.0
13,49.0,17239.17,162.53,14881.77,351.8197959,5108.29,12130.88,18.0,10.0,21.0
14,40.0,11820.88,414.43,14676.05,295.522,637.21,11183.67,15.0,17.0,8.0
15,42.0,12132.55,123.24,14563.02,288.8702381,3212.58,8919.97,16.0,12.0,14.0
16,39.0,13036.93,160.57,13586.99,334.2802564,2377.08,10659.85,13.0,15.0,11.0
17,54.0,15101.28,185.87,14804.7,279.6533333,2531.34,12569.94,18.0,13.0,23.0
18,65.0,17937.6,123.24,14829.85,275.9630769,2857.18,15080.42,23.0,23.0,19.0
19,37.0,9997.3,409.26,14510.8,270.1972973,1347.08,8650.22,9.0,16.0,12.0
20,51.0,13797.61,160.83,14510.8,270.5413725,5729.59,8068.02,12.0,18.0,21.0
21,55.0,14572.38,160.57,14833.34,264.9523636,6091.35,8481.03,17.0,24.0,14.0
22,49.0,15881.19,293.06,13704.92,324.1059184,4620.13,11261.06,16.0,16.0,17.0
23,46.0,11233.51,167.72,14352.33,244.2067391,1387.27,9846.24,14.0,18.0,14.0
24,57.0,19280.26,533.2,13899.24,338.2501754,4914.67,14365.59,26.0,12.0,19.0
25,34.0,8525.2,339.16,14494.18,250.7411765,497.23,8027.97,14.0,8.0,12.0
26,49.0,17646.65,101.25,13542.41,360.1357143,2571.64,15075.01,15.0,17.0,17.0
27,55.0,16918.68,193.8,13625.52,307.6123636,2468.77,14449.91,20.0,18.0,17.0
28,62.0,17752.27,225.53,14489.69,286.3269355,3115.15,14637.12,19.0,27.0,16.0
29,50.0,14709.4,213.36,13988.12,294.188,4019.78,10689.62,15.0,20.0,15.0
30,48.0,14686.22,136.77,13485.0,305.9629167,4809.8,9876.42,18.0,13.0,17.0
31,57.0,13662.99,102.2,14365.18,239.7015789,3121.75,10541.24,18.0,26.0,13.0
32,52.0,16566.81,112.76,13777.1,318.5925,5110.72,11456.09,16.0,20.0,16.0
33,67.0,19176.51,477.3,13645.63,286.2165672,5716.71,13459.8,20.0,26.0,21.0
34,51.0,14563.06,160.57,14851.28,285.5501961,1660.04,12903.02,17.0,17.0,17.0
35,60.0,20099.59,135.96,14783.33,334.9931667,3906.18,16193.41,12.0,19.0,29.0
36,54.0,14971.37,120.89,14881.77,277.2475926,3243.83,11727.54,14.0,22.0,18.0
37,55.0,14162.45,287.46,14815.87,257.4990909,5403.81,8758.64,16.0,23.0,16.0
38,54.0,13000.46,129.79,14473.33,240.7492593,855.08,12145.38,21.0,15.0,18.0
39,50.0,15193.09,269.01,14935.5,303.8618,1992.42,13200.67,20.0,16.0,14.0
40,42.0,11405.69,120.89,13510.11,271.5640476,2348.22,9057.47,12.0,16.0,14.0
41,75.0,26352.7,168.84,14783.33,351.3693333,3048.33,23304.37,25.0,21.0,29.0
42,48.0,13260.45,201.04,13265.92,276.259375,2837.15,10423.3,22.0,11.0,15.0
43,52.0,18483.1,173.7,14631.88,355.4442308,6285.5,12197.6,12.0,15.0,25.0
44,46.0,13510.49,151.42,14576.47,293.7063043,3141.36,10369.13,17.0,15.0,14.0
45,43.0,15266.54,168.84,13542.41,355.035814,2846.93,12419.61,17.0,11.0,15.0
46,39.0,12896.18,363.92,11151.53,330.6712821,3658.41,9237.77,15.0,14.0,10.0
47,46.0,12885.32,369.86,14804.7,280.1156522,2228.17,10657.15,12.0,15.0,19.0
48,59.0,15652.7,131.25,14401.17,265.3,3961.67,11691.03,20.0,23.0,16.0
49,46.0,10044.39,341.24,14021.4,218.3563043,1753.04,8291.35,9.0,18.0,19.0
50,54.0,17455.78,344.07,14977.99,323.2551852,2294.34,15161.44,20.0,15.0,19.0
51,54.0,14332.18,105.01,14852.42,265.4107407,4232.73,10099.45,17.0,21.0,16.0
52,64.0,18279.65,168.84,13538.14,285.6195313,4852.4,13427.25,20.0,22.0,22.0
53,57.0,18426.45,165.75,14466.38,323.2710526,4384.15,14042.3,17.0,19.0,21.0
54,47.0,12605.02,528.38,14611.9,268.1919149,2432.03,10172.99,15.0,18.0,14.0
55,55.0,13976.61,135.96,14833.34,254.1201818,3847.76,10128.85,17.0,21.0,17.0
56,45.0,14465.88,125.85,13558.56,321.464,5528.17,8937.71,16.0,16.0,13.0
57,57.0,15951.13,364.72,14330.47,279.844386,5202.85,10748.28,20.0,19.0,18.0
58,42.0,7834.97,164.61,14798.1,186.5469048,2723.74,5111.23,15.0,10.0,17.0
59,56.0,16300.34,337.62,14639.28,291.0775,1046.15,15254.19,18.0,19.0,19.0
60,48.0,13936.96,137.42,14330.47,290.3533333,4353.56,9583.4,19.0,16.0,13.0
61,56.0,13941.97,230.09,14783.33,248.96375,3061.47,10880.5,20.0,22.0,14.0
62,40.0,10915.65,102.2,13991.5,272.89125,839.5,10076.15,14.0,11.0,15.0
63,63.0,19785.14,130.76,13801.15,314.0498413,3914.67,15870.47,20.0,19.0,24.0
64,51.0,15647.62,135.96,14180.21,306.8160784,4113.78,11533.84,15.0,26.0,10.0
65,41.0,13200.99,187.9,14466.38,321.9753659,863.5,12337.49,11.0,18.0,12.0
66,55.0,16632.07,206.2,13645.63,302.4012727,3424.36,13207.71,15.0,22.0,18.0
67,45.0,13239.03,106.86,9951.68,294.2006667,3044.4,10194.63,11.0,15.0,19.0
68,46.0,10275.77,151.28,14815.87,223.3863043,3031.28,7244.49,19.0,16.0,11.0
69,67.0,24416.75,160.57,14631.88,364.4291045,6169.21,18247.54,15.0,26.0,26.0
70,54.0,15469.5,164.61,12648.32,286.4722222,5491.12,9978.38,18.0,21.0,15.0
71,52.0,16445.31,293.24,14409.74,316.2559615,6925.79,9519.52,15.0,20.0,17.0
72,55.0,14740.85,151.42,13784.4,268.0154545,4785.85,9955.0,20.0,19.0,16.0
73,47.0,10594.33,363.92,14321.73,225.4112766,678.66,9915.67,12.0,19.0,16.0
74,42.0,12030.05,160.83,14851.28,286.4297619,3403.27,8626.78,12.0,17.0,13.0
75,58.0,14296.8,102.2,14348.65,246.4965517,4300.97,9995.83,23.0,13.0,22.0
76,51.0,13796.44,518.54,13534.3,270.5184314,2723.7,11072.74,16.0,20.0,15.0
77,47.0,15370.42,443.62,13847.99,327.0302128,3836.42,11534.0,12.0,18.0,17.0
78,45.0,16437.44,402.45,14466.38,365.2764444,3957.45,12479.99,12.0,15.0,18.0
79,44.0,10833.92,129.29,14765.41,246.2254545,3141.87,7692.05,16.0,14.0,14.0
80,42.0,11119.85,248.52,14021.4,264.7583333,2403.46,8716.39,17.0,8.0,17.0
81,49.0,14195.02,129.29,12995.7,289.6942857,4451.83,9743.19,14.0,21.0,14.0
82,41.0,13473.2,220.51,14847.97,328.6146341,2391.87,11081.33,17.0,13.0,11.0
83,50.0,18658.66,232.56,14935.5,373.1732,4198.6,14460.06,20.0,20.0,10.0
84,50.0,15030.46,160.83,14847.97,300.6092,3138.98,11891.48,16.0,19.0,15.0
85,57.0,15679.78,193.8,14935.5,275.0838596,4340.81,11338.97,25.0,16.0,16.0
86,51.0,16696.48,160.57,14798.1,327.3819608,3917.53,12778.95,21.0,15.0,15.0
87,51.0,15660.64,129.29,13542.41,307.0713725,4543.25,11117.39,17.0,19.0,15.0
88,62.0,17176.06,229.02,13793.53,277.0332258,4204.79,12971.27,17.0,19.0,26.0
89,44.0,11948.25,102.2,12319.26,271.5511364,3497.17,8451.08,16.0,13.0,15.0
90,52.0,15873.88,465.63,14815.87,305.2669231,2582.39,13291.49,19.0,20.0,13.0
91,63.0,15897.1,112.76,14904.9,252.3349206,3495.14,12401.96,27.0,24.0,12.0
92,44.0,14553.84,129.79,14563.02,330.7690909,2875.64,11678.2,14.0,13.0,17.0
93,61.0,17899.34,162.53,14639.28,293.4318033,4285.29,13614.05,13.0,24.0,24.0
94,55.0,16580.01,112.76,14401.17,301.4547273,5198.31,11381.7,18.0,13.0,24.0
95,50.0,13415.71,431.16,13538.14,268.3142,2093.14,11322.57,13.0,15.0,22.0
96,46.0,14942.07,383.58,14328.29,324.8276087,3248.72,11693.35,21.0,16.0,9.0
97,55.0,15914.3,185.87,14798.1,289.3509091,3034.57,12879.73,19.0,23.0,13.0
98,33.0,8856.27,225.53,14847.97,268.3718182,1932.18,6924.09,8.0,17.0,8.0
99,57.0,15679.32,129.29,14343.0,275.0757895,4045.26,11634.06,21.0,19.0,17.0
100,53.0,12646.57,271.64,14631.88,238.6145283,1157.36,11489.21,9.0,20.0,24.0
101,46.0,14985.62,162.53,14851.28,325.7743478,4474.31,10511.31,18.0,13.0,15.0
102,52.0,16684.85,207.1,14765.41,320.8625,1338.01,15346.84,21.0,14.0,17.0
103,55.0,19940.62,229.02,14489.69,362.5567273,4514.14,15426.48,22.0,18.0,15.0
104,50.0,13986.9,261.97,14639.28,279.738,3745.39,10241.51,11.0,18.0,21.0
105,35.0,8997.81,117.98,13498.55,257.0802857,1761.87,7235.94,14.0,11.0,10.0
106,54.0,15822.53,131.25,14365.18,293.0098148,6385.98,9436.55,11.0,20.0,23.0
107,29.0,7828.16,105.01,14904.9,269.9365517,1007.0,6821.16,7.0,17.0,5.0
108,53.0,17838.18,112.76,14833.34,336.569434,3094.36,14743.82,22.0,14.0,17.0
109,53.0,17224.4,303.68,14464.3,324.9886792,6371.72,10852.68,18.0,19.0,16.0
110,43.0,11001.91,123.24,14365.18,255.8583721,1322.61,9679.3,14.0,13.0,16.0
111,39.0,7931.02,165.75,12961.53,203.3594872,1893.39,6037.63,13.0,15.0,11.0
112,46.0,12199.34,797.1,14851.28,265.2030435,1651.6,10547.74,21.0,12.0,13.0
113,51.0,9385.55,162.53,14851.28,184.0303922,2421.7,6963.85,15.0,23.0,13.0
114,52.0,14645.03,136.77,14631.88,281.6351923,1375.49,13269.54,18.0,18.0,16.0
115,50.0,11303.1,112.76,14473.33,226.062,1455.72,9847.38,19.0,18.0,13.0
116,50.0,15559.74,145.5,14389.45,311.1948,4209.39,11350.35,19.0,10.0,21.0
117,48.0,16740.13,268.77,13017.7,348.7527083,3983.47,12756.66,15.0,17.0,16.0
118,47.0,12582.28,333.19,14611.9,267.7080851,2782.0,9800.28,13.0,18.0,16.0
119,49.0,12449.13,164.12,14330.47,254.0638776,4404.28,8044.85,15.0,19.0,15.0
120,50.0,15009.9,319.18,13694.68,300.198,2910.99,12098.91,17.0,17.0,16.0
121,52.0,12514.38,299.93,12896.06,240.6611538,1771.41,10742.97,20.0,14.0,18.0
122,41.0,10957.12,105.01,13566.58,267.2468293,2469.51,8487.61,9.0,14.0,18.0
123,54.0,15980.69,267.53,14371.08,295.9387037,3133.56,12847.13,18.0,13.0,23.0
124,59.0,17089.31,129.29,12221.17,289.649322,2300.1,14789.21,22.0,19.0,18.0
125,44.0,13499.7,221.79,14395.88,306.8113636,3802.26,9697.44,14.0,21.0,9.0
126,55.0,20593.21,232.56,12571.76,374.422,4513.77,16079.44,11.0,22.0,22.0
127,49.0,13360.5,273.78,13560.63,272.6632653,1784.14,11576.36,17.0,18.0,14.0
128,61.0,16090.56,287.46,13777.1,263.7796721,4633.61,11456.95,26.0,18.0,17.0
129,62.0,20140.55,221.56,13498.55,324.8475806,2280.17,17860.38,22.0,18.0,22.0
130,44.0,11527.06,136.77,14350.11,261.9786364,2143.76,9383.3,17.0,12.0,15.0
131,52.0,14094.71,221.79,14371.08,271.0521154,2566.13,11528.58,19.0,16.0,17.0
132,47.0,17060.76,234.41,13357.02,362.9948936,3104.63,13956.13,20.0,15.0,12.0
133,58.0,17100.27,130.76,14365.18,294.8322414,4084.85,13015.42,12.0,26.0,20.0
134,53.0,15185.51,339.16,13694.68,286.5190566,6483.18,8702.33,15.0,17.0,21.0
135,52.0,18829.36,219.53,14942.78,362.1030769,3812.92,15016.44,19.0,13.0,20.0
136,54.0,10889.57,120.89,14815.87,201.6587037,2395.87,8493.7,17.0,19.0,18.0
137,38.0,10477.69,131.25,14350.11,275.7286842,2777.08,7700.61,18.0,10.0,10.0
138,55.0,18516.79,173.7,14576.47,336.6689091,6250.93,12265.86,15.0,22.0,18.0
139,45.0,13613.95,323.69,13694.68,302.5322222,5626.76,7987.19,12.0,21.0,12.0
140,38.0,8000.95,105.01,14410.44,210.5513158,1736.19,6264.76,15.0,12.0,11.0
141,44.0,12795.23,112.76,14815.87,290.8006818,2662.53,10132.7,15.0,16.0,13.0
142,50.0,16191.16,145.5,14464.3,323.8232,3176.82,13014.34,17.0,13.0,20.0
143,45.0,13305.63,106.86,13625.52,295.6806667,2896.92,10408.71,15.0,21.0,9.0
144,48.0,15056.03,145.5,12626.49,313.6672917,1327.05,13728.98,15.0,19.0,14.0
145,61.0,15575.2,221.79,14268.95,255.3311475,4275.26,11299.94,19.0,14.0,28.0
146,52.0,14580.61,160.57,13884.24,280.3963462,2415.84,12164.77,22.0,13.0,17.0
147,67.0,18009.93,123.24,14833.34,268.8049254,2252.88,15757.05,22.0,20.0,25.0
148,60.0,17650.75,263.98,14350.11,294.1791667,4095.93,13554.82,23.0,22.0,15.0
149,54.0,17530.45,259.77,14833.34,324.637963,4693.12,12837.33,21.0,15.0,18.0
150,57.0,16689.16,160.57,14077.97,292.7922807,2503.22,14185.94,23.0,16.0,18.0
151,69.0,20001.24,189.69,14273.42,289.8730435,4244.4,15756.84,26.0,20.0,23.0
152,58.0,17467.41,187.9,14798.1,301.1622414,2716.08,14751.33,20.0,16.0,22.0
153,41.0,14812.14,362.4,14389.45,361.2717073,3393.69,11418.45,13.0,10.0,18.0
154,45.0,14101.07,151.28,14273.42,313.3571111,3522.6,10578.47,16.0,21.0,8.0
155,54.0,19540.59,112.76,12571.76,361.8627778,5003.83,14536.76,21.0,20.0,13.0
156,39.0,16265.85,160.57,14365.18,417.0730769,2169.61,14096.24,15.0,11.0,13.0
157,64.0,21458.07,117.98,14804.7,335.2823438,7645.98,13812.09,14.0,25.0,25.0
158,55.0,21188.13,319.65,13389.16,385.2387273,3096.24,18091.89,22.0,21.0,12.0
159,55.0,15944.06,339.16,14409.74,289.892,4748.68,11195.38,16.0,20.0,19.0
160,63.0,16788.86,193.8,13913.92,266.4898413,1874.19,14914.67,18.0,23.0,22.0
161,36.0,11062.86,136.77,14928.35,307.3016667,2133.13,8929.73,13.0,15.0,8.0
162,56.0,15535.5,319.65,11481.85,277.4196429,3514.88,12020.62,20.0,19.0,17.0
163,56.0,18284.2,233.21,14489.69,326.5035714,2422.18,15862.02,24.0,19.0,13.0
164,53.0,16715.73,254.75,14389.45,315.3911321,3304.39,13411.34,17.0,20.0,16.0
165,49.0,16555.04,106.86,13054.54,337.8579592,4560.75,11994.29,17.0,19.0,13.0
166,46.0,15175.36,160.57,14077.97,329.8991304,2879.72,12295.64,15.0,16.0,15.0
167,53.0,14445.09,342.73,14829.85,272.5488679,4941.82,9503.27,19.0,12.0,22.0
168,56.0,16279.54,185.47,13694.68,290.7060714,5517.06,10762.48,18.0,20.0,18.0
169,56.0,17116.3,189.69,14401.17,305.6482143,4448.74,12667.56,22.0,13.0,21.0
170,50.0,13141.82,330.16,14401.17,262.8364,2023.44,11118.38,14.0,24.0,12.0
171,60.0,16775.64,101.25,14348.65,279.594,4630.68,12144.96,20.0,25.0,15.0
172,56.0,12686.96,131.25,14365.18,226.5528571,2764.73,9922.23,12.0,18.0,26.0
173,61.0,21841.68,552.52,14464.3,358.0603279,5602.51,16239.17,15.0,29.0,17.0
174,61.0,16401.6,207.74,13293.83,268.8786885,3633.17,12768.43,23.0,21.0,17.0
175,42.0,10351.07,120.89,14765.41,246.4540476,2302.62,8048.45,5.0,22.0,15.0
176,45.0,11601.42,136.77,9500.79,257.8093333,2786.81,8814.61,18.0,18.0,9.0
177,48.0,16271.86,136.77,12883.91,338.9970833,616.16,15655.7,14.0,19.0,15.0
178,51.0,15529.74,344.07,13521.76,304.5047059,1915.45,13614.29,19.0,16.0,16.0
179,43.0,9603.85,312.19,14473.33,223.3453488,2476.83,7127.02,12.0,19.0,12.0
180,37.0,8766.26,162.53,14389.45,236.9259459,1171.05,7595.21,15.0,12.0,10.0
181,36.0,10361.86,299.93,13625.52,287.8294444,2474.98,7886.88,15.0,10.0,11.0
182,46.0,16626.49,102.2,14631.88,361.4454348,3522.42,13104.07,14.0,14.0,18.0
183,65.0,16322.41,431.16,13872.03,251.114,3624.1,12698.31,15.0,23.0,27.0
184,47.0,16479.11,469.14,14371.08,350.6193617,4008.31,12470.8,14.0,19.0,14.0
185,53.0,15054.98,425.77,11991.24,284.0562264,2892.69,12162.29,16.0,15.0,22.0
186,39.0,10461.02,206.2,14935.5,268.2312821,2283.43,8177.59,15.0,11.0,13.0
187,58.0,14053.51,151.42,14676.05,242.3018966,3660.5,10393.01,23.0,19.0,16.0
188,46.0,13391.66,112.76,13847.99,291.1230435,2344.41,11047.25,12.0,17.0,17.0
189,50.0,14695.2,184.72,14473.33,293.904,4171.91,10523.29,13.0,22.0,15.0
190,52.0,19153.68,164.12,13538.14,368.34,5483.92,13669.76,14.0,21.0,17.0
191,58.0,18951.86,580.66,14815.87,326.7562069,5181.57,13770.29,21.0,17.0,20.0
192,62.0,16073.87,112.76,14077.97,259.2559677,4676.27,11397.6,16.0,25.0,21.0
193,48.0,12578.32,162.53,14817.22,262.0483333,2728.01,9850.31,15.0,16.0,17.0
194,57.0,14215.31,192.63,14304.38,249.3914035,2449.7,11765.61,22.0,21.0,14.0
195,53.0,14788.44,201.04,14676.05,279.0271698,1191.3,13597.14,24.0,17.0,12.0
196,51.0,15738.9,173.7,13587.52,308.6058824,5184.13,10554.77,16.0,25.0,10.0
197,47.0,13176.72,151.42,13293.83,280.3557447,3412.32,9764.4,14.0,14.0,19.0
198,56.0,15850.07,164.61,13406.0,283.0369643,2205.46,13644.61,18.0,20.0,18.0
199,44.0,11309.5,222.22,14389.45,257.0340909,2953.83,8355.67,14.0,18.0,12.0
200,51.0,14092.2,327.68,14935.5,276.3176471,4108.15,9984.05,17.0,19.0,15.0
201,44.0,12554.2,480.19,13273.08,285.3227273,1333.72,11220.48,8.0,17.0,19.0
202,43.0,14614.85,130.76,14343.0,339.8802326,638.01,13976.84,12.0,14.0,17.0
203,52.0,14514.9,135.96,14510.8,279.1326923,4571.51,9943.39,21.0,21.0,10.0
204,45.0,18165.74,131.25,14409.74,403.6831111,4521.89,13643.85,14.0,17.0,14.0
205,45.0,13080.24,101.25,14371.08,290.672,3390.07,9690.17,17.0,13.0,15.0
206,62.0,15322.52,165.75,13891.47,247.1374194,4869.51,10453.01,20.0,26.0,16.0
207,43.0,16768.36,167.72,14371.08,389.9618605,412.71,16355.65,13.0,14.0,16.0
208,37.0,12690.04,221.56,14395.88,342.9740541,2400.41,10289.63,13.0,12.0,12.0
209,47.0,11481.77,267.53,14304.38,244.2929787,1507.87,9973.9,17.0,18.0,12.0
210,51.0,13774.64,342.73,13784.4,270.0909804,4969.54,8805.1,19.0,13.0,19.0
211,43.0,13118.45,202.69,14371.08,305.0802326,5695.08,7423.37,14.0,10.0,19.0
212,49.0,11655.35,105.01,14942.78,237.8642857,2642.93,9012.42,14.0,19.0,16.0
213,49.0,12394.43,259.44,14928.35,252.947551,1607.31,10787.12,12.0,20.0,17.0
214,56.0,14580.52,106.86,13531.22,260.3664286,4891.54,9688.98,20.0,22.0,14.0
215,51.0,14039.69,293.24,14563.02,275.2880392,2684.54,11355.15,20.0,13.0,18.0
216,51.0,13316.81,136.77,14464.3,261.1139216,4294.78,9022.03,10.0,27.0,14.0
217,42.0,15084.86,239.12,13696.61,359.1633333,3713.58,11371.28,10.0,16.0,16.0
218,46.0,13419.74,117.98,13586.99,291.7334783,3103.6,10316.14,21.0,17.0,8.0
219,50.0,15852.59,125.85,14631.88,317.0518,2294.35,13558.24,14.0,16.0,20.0
220,60.0,22192.68,173.7,13587.52,369.878,2649.4,19543.28,23.0,22.0,15.0
221,45.0,12087.68,263.98,14847.97,268.6151111,4501.44,7586.24,11.0,17.0,17.0
222,45.0,15941.67,214.61,14765.41,354.2593333,4326.84,11614.83,18.0,10.0,17.0
223,57.0,17673.7,185.87,14904.9,310.0649123,1779.51,15894.19,22.0,17.0,18.0
224,43.0,11859.02,392.34,14798.1,275.7911628,1949.46,9909.56,23.0,10.0,10.0
225,37.0,9987.09,303.68,14783.33,269.9213514,776.89,9210.2,8.0,10.0,19.0
226,45.0,14122.5,137.42,14942.78,313.8333333,3198.9,10923.6,16.0,18.0,11.0
227,58.0,21297.69,224.65,14942.78,367.2015517,5268.63,16029.06,16.0,21.0,21.0
228,46.0,12401.2,263.98,13560.63,269.5913043,1390.08,11011.12,10.0,21.0,15.0
229,54.0,15208.85,101.25,14765.41,281.6453704,6160.21,9048.64,15.0,23.0,16.0
230,45.0,11135.26,289.71,14321.73,247.4502222,2930.44,8204.82,14.0,12.0,19.0
231,56.0,17370.18,250.93,12470.62,310.1817857,3937.87,13432.31,18.0,23.0,15.0
232,45.0,11258.38,222.22,14563.02,250.1862222,2699.33,8559.05,13.0,12.0,20.0
233,53.0,13341.44,185.87,14371.08,251.725283,3181.07,10160.37,20.0,18.0,15.0
234,43.0,9709.64,105.01,14935.5,225.8055814,1391.66,8317.98,16.0,15.0,12.0
235,50.0,12847.45,164.12,14942.78,256.949,3177.37,9670.08,13.0,18.0,19.0
236,67.0,24322.49,129.29,14343.0,363.0222388,6695.48,17627.01,19.0,19.0,29.0
237,43.0,11542.9,232.56,14021.4,268.4395349,2087.45,9455.45,10.0,17.0,16.0
238,56.0,15699.12,167.28,14928.35,280.3414286,3439.67,12259.45,20.0,24.0,12.0
239,61.0,16556.67,369.79,13869.86,271.4208197,5963.24,10593.43,21.0,18.0,22.0
240,55.0,12919.67,160.83,13784.4,234.9030909,3003.07,9916.6,19.0,15.0,21.0
241,46.0,15117.43,106.86,13784.4,328.6397826,3005.41,12112.02,19.0,18.0,9.0
242,53.0,18694.01,101.25,14977.99,352.7171698,3435.72,15258.29,20.0,16.0,17.0
243,42.0,9738.42,160.83,13475.14,231.8671429,1284.71,8453.71,6.0,20.0,16.0
244,47.0,14340.5,131.25,13847.99,305.1170213,3168.28,11172.22,14.0,13.0,20.0
245,37.0,12263.53,490.57,14851.28,331.4467568,1139.17,11124.36,12.0,11.0,14.0
246,52.0,18931.48,225.53,14833.34,364.0669231,4080.78,14850.7,18.0,15.0,19.0
247,49.0,16149.98,225.53,14330.47,329.5914286,4042.07,12107.91,17.0,15.0,17.0
248,54.0,11691.12,129.29,13777.1,216.5022222,2115.3,9575.82,17.0,17.0,20.0
249,53.0,17127.46,431.16,14214.48,323.1596226,2464.86,14662.6,21.0,15.0,17.0
250,41.0,8901.4,233.21,14833.34,217.1073171,1893.64,7007.76,14.0,13.0,14.0
251,67.0,22857.81,207.1,13884.24,341.1613433,2629.78,20228.03,26.0,14.0,27.0
252,47.0,13552.86,123.24,14852.42,288.3587234,5893.16,7659.7,12.0,18.0,17.0
253,49.0,14074.42,535.15,14321.73,287.2330612,2330.45,11743.97,13.0,20.0,16.0
254,40.0,10792.05,173.7,14510.8,269.80125,764.24,10027.81,15.0,11.0,14.0
255,48.0,13830.85,220.51,14348.65,288.1427083,2315.48,11515.37,19.0,13.0,16.0
256,54.0,17785.12,137.42,14783.33,329.3540741,3948.37,13836.75,24.0,16.0,14.0
257,60.0,15841.33,102.2,14904.9,264.0221667,3464.11,12377.22,16.0,23.0,21.0
258,52.0,12289.18,167.28,13913.92,236.3303846,2254.52,10034.66,15.0,22.0,15.0
259,49.0,13008.2,269.01,13347.69,265.4734694,1578.51,11429.69,21.0,17.0,11.0
260,52.0,15107.89,120.89,14833.34,290.5363462,3969.52,11138.37,19.0,18.0,15.0
261,48.0,10318.12,189.69,14473.33,214.9608333,2987.78,7330.34,14.0,15.0,19.0
262,44.0,10238.75,369.86,13793.53,232.6988636,3007.43,7231.32,13.0,15.0,16.0
263,46.0,15176.6,185.87,13884.24,329.926087,5869.49,9307.11,12.0,9.0,25.0
264,55.0,18895.7,137.42,12723.62,343.5581818,4490.08,14405.62,20.0,21.0,14.0
265,50.0,12377.96,168.84,13538.14,247.5592,2612.35,9765.61,20.0,19.0,11.0
266,47.0,15881.57,477.03,13801.15,337.9057447,2939.47,12942.1,15.0,21.0,11.0
267,43.0,16968.03,221.56,14881.77,394.6053488,4247.29,12720.74,15.0,10.0,18.0
268,44.0,14321.36,168.84,14881.77,325.4854545,6083.79,8237.57,18.0,11.0,15.0
269,53.0,12313.03,125.85,14494.18,232.3213208,3297.24,9015.79,13.0,20.0,20.0
270,54.0,21575.0,321.21,12626.49,399.537037,5177.5,16397.5,16.0,23.0,15.0
271,42.0,13091.39,265.51,14410.44,311.6997619,2858.66,10232.73,9.0,16.0,17.0
272,55.0,15429.91,193.06,14676.05,280.5438182,3441.53,11988.38,16.0,15.0,24.0
273,46.0,15450.64,339.16,14350.11,335.8834783,2058.98,13391.66,16.0,15.0,15.0
274,54.0,16853.69,259.44,14473.33,312.1053704,4672.97,12180.72,20.0,17.0,17.0
275,42.0,15755.5,261.97,14815.87,375.1309524,2419.89,13335.61,14.0,7.0,21.0
276,52.0,18251.94,469.14,13988.12,350.9988462,3764.36,14487.58,12.0,20.0,20.0
277,41.0,13623.75,193.06,14350.11,332.2865854,2575.4,11048.35,11.0,14.0,16.0
278,45.0,11802.23,130.76,13182.11,262.2717778,1867.35,9934.88,16.0,17.0,12.0
279,50.0,15824.47,164.61,14833.34,316.4894,2910.76,12913.71,21.0,14.0,15.0
280,55.0,17236.42,461.83,13856.18,313.3894545,3475.35,13761.07,21.0,21.0,13.0
281,46.0,14380.37,167.28,13586.06,312.6167391,4161.26,10219.11,14.0,20.0,12.0
282,44.0,9641.25,342.08,14350.11,219.1193182,2772.13,6869.12,16.0,15.0,13.0
283,44.0,10046.97,120.89,14798.1,228.3402273,1223.09,8823.88,13.0,14.0,17.0
284,51.0,15014.85,129.29,14783.33,294.4088235,3847.93,11166.92,10.0,21.0,20.0
285,44.0,13363.07,392.34,11729.51,303.7061364,3260.69,10102.38,14.0,17.0,13.0
286,48.0,15749.75,271.64,14676.05,328.1197917,1758.28,13991.47,15.0,16.0,17.0
287,43.0,16355.19,248.52,14631.88,380.3532558,5448.87,10906.32,11.0,14.0,18.0
288,45.0,13662.88,167.72,12815.24,303.6195556,2299.32,11363.56,12.0,19.0,14.0
289,47.0,14087.86,411.78,14804.7,299.7417021,1790.85,12297.01,16.0,15.0,16.0
290,43.0,10641.6,120.89,14180.21,247.4790698,1533.84,9107.76,9.0,15.0,19.0
291,61.0,22914.14,234.41,14935.5,375.6416393,6271.74,16642.4,14.0,25.0,22.0
292,54.0,16775.15,224.65,14676.05,310.6509259,6393.38,10381.77,15.0,20.0,19.0
293,63.0,20024.61,173.7,14783.33,317.8509524,3803.11,16221.5,22.0,21.0,20.0
294,55.0,14761.21,263.98,14453.35,268.3856364,3828.39,10932.82,17.0,22.0,16.0
295,47.0,15604.68,131.25,14765.41,332.0144681,2155.25,13449.43,8.0,15.0,24.0
296,57.0,15127.23,259.44,14804.7,265.39,3327.73,11799.5,20.0,21.0,16.0
297,55.0,14313.73,201.04,14829.85,260.2496364,3123.74,11189.99,20.0,16.0,19.0
298,53.0,17172.28,106.86,13793.53,324.005283,6109.5,11062.78,20.0,17.0,16.0
299,44.0,11142.71,145.5,11935.14,253.2434091,3727.09,7415.62,11.0,19.0,14.0
300,44.0,10288.77,441.54,14401.17,233.8356818,3285.78,7002.99,17.0,18.0,9.0
301,50.0,10589.56,112.76,13696.31,211.7912,3288.66,7300.9,12.0,21.0,17.0
302,49.0,16910.21,129.79,13856.18,345.1063265,2292.86,14617.35,15.0,15.0,19.0
303,54.0,17875.33,187.9,14576.47,331.0246296,6073.82,11801.51,12.0,21.0,21.0
304,49.0,14335.23,241.79,14851.28,292.5557143,3176.17,11159.06,14.0,18.0,17.0
305,39.0,10751.01,130.76,13586.06,275.6669231,1869.65,8881.36,13.0,14.0,12.0
306,45.0,14895.55,167.28,13645.63,331.0122222,3612.84,11282.71,16.0,12.0,17.0
307,48.0,11409.36,477.03,14328.29,237.695,2669.04,8740.32,16.0,16.0,16.0
308,66.0,14326.92,221.79,14352.33,217.0745455,3875.07,10451.85,22.0,22.0,22.0
309,47.0,14243.67,193.8,14494.18,303.0568085,1745.04,12498.63,18.0,17.0,12.0
310,47.0,14786.98,167.72,14328.29,314.6165957,4255.43,10531.55,13.0,12.0,22.0
311,52.0,17670.18,106.86,14977.99,339.8111538,2170.25,15499.93,15.0,21.0,16.0
312,48.0,12831.87,168.84,14328.29,267.330625,315.2,12516.67,23.0,8.0,17.0
313,38.0,9925.29,164.12,12896.06,261.1918421,2230.33,7694.96,10.0,14.0,14.0
314,67.0,18587.62,106.86,13388.56,277.4271642,5192.68,13394.94,23.0,23.0,21.0
315,46.0,11199.31,213.0,14343.0,243.4632609,1382.25,9817.06,15.0,15.0,16.0
316,48.0,12324.6,167.28,14410.44,256.7625,2593.33,9731.27,21.0,12.0,15.0
317,47.0,18106.36,105.01,12961.53,385.2417021,4115.54,13990.82,22.0,16.0,9.0
318,50.0,14646.94,136.77,14453.35,292.9388,4768.56,9878.38,14.0,20.0,16.0
319,48.0,16525.3,131.25,14576.47,344.2770833,2470.1,14055.2,19.0,17.0,12.0
320,47.0,11420.91,431.16,14563.02,242.9980851,1119.52,10301.39,19.0,14.0,14.0
321,61.0,22353.19,325.15,12904.66,366.4457377,5780.18,16573.01,20.0,18.0,23.0
322,47.0,19284.74,135.96,14268.95,410.313617,5802.5,13482.24,16.0,16.0,15.0
323,42.0,14849.1,185.87,12893.63,353.55,2546.87,12302.23,9.0,13.0,20.0
324,50.0,16368.38,160.83,12958.65,327.3676,2885.48,13482.9,15.0,14.0,21.0
325,51.0,15642.22,164.61,13388.56,306.7101961,3552.75,12089.47,17.0,23.0,11.0
326,52.0,15542.55,192.63,12799.34,298.8951923,3789.75,11752.8,23.0,14.0,15.0
327,53.0,14215.72,112.76,14371.08,268.2211321,2100.56,12115.16,26.0,16.0,11.0
328,40.0,15873.67,264.83,13264.14,396.84175,5311.53,10562.14,5.0,19.0,16.0
329,44.0,12343.05,102.2,14268.95,280.5238636,1747.93,10595.12,19.0,15.0,10.0
330,49.0,15160.71,131.25,14409.74,309.4022449,2752.53,12408.18,18.0,18.0,13.0
331,46.0,12640.5,341.24,14563.02,274.7934783,2715.66,9924.84,13.0,18.0,15.0
332,58.0,18303.8,165.75,13566.58,315.5827586,3658.03,14645.77,15.0,20.0,23.0
333,52.0,15750.1,102.2,11988.12,302.8865385,5510.67,10239.43,23.0,11.0,18.0
334,46.0,15184.48,101.25,14563.02,330.0973913,1706.29,13478.19,12.0,17.0,17.0
335,56.0,16516.56,187.9,13336.15,294.9385714,2050.65,14465.91,25.0,16.0,15.0
336,50.0,12522.97,511.37,14371.08,250.4594,1973.69,10549.28,16.0,15.0,19.0
337,65.0,14670.97,259.77,14798.1,225.7072308,4037.85,10633.12,22.0,21.0,22.0
338,40.0,9573.16,213.36,13523.65,239.329,2693.03,6880.13,15.0,15.0,10.0
339,46.0,15766.63,304.44,14851.28,342.7528261,2744.6,13022.03,17.0,17.0,12.0
340,54.0,14724.72,271.64,14851.28,272.68,3106.61,11618.11,19.0,19.0,16.0
341,60.0,15910.24,160.57,13856.18,265.1706667,3019.87,12890.37,22.0,12.0,26.0
342,49.0,14618.49,290.24,14510.8,298.3365306,2997.76,11620.73,17.0,16.0,16.0
343,51.0,13468.21,112.76,14343.0,264.082549,5130.6,8337.61,14.0,20.0,17.0
344,57.0,15999.8,185.87,10238.82,280.6982456,4931.76,11068.04,13.0,20.0,24.0
345,49.0,14387.63,112.76,14942.78,293.625102,2396.83,11990.8,20.0,18.0,11.0
346,41.0,11189.83,123.24,14942.78,272.9226829,3858.05,7331.78,12.0,14.0,15.0
347,43.0,15948.59,207.74,14935.5,370.8974419,7096.66,8851.93,18.0,17.0,8.0
348,49.0,16767.87,120.89,14494.18,342.2014286,5532.51,11235.36,14.0,19.0,16.0
349,53.0,13971.52,213.0,14395.88,263.6135849,992.84,12978.68,26.0,16.0,11.0
350,50.0,15501.36,364.72,13521.76,310.0272,3520.1,11981.26,14.0,25.0,11.0
351,51.0,16588.2,120.89,14395.88,325.2588235,3081.94,13506.26,17.0,14.0,20.0
352,58.0,14888.3,106.86,14852.42,256.6948276,5104.47,9783.83,14.0,21.0,23.0
353,51.0,12943.81,185.47,14798.1,253.8001961,2512.89,10430.92,15.0,15.0,21.0
354,63.0,20466.91,168.84,14180.21,324.8715873,4178.64,16288.27,22.0,20.0,21.0
355,43.0,11240.82,321.21,14798.1,261.4144186,3354.42,7886.4,15.0,14.0,14.0
356,55.0,15717.73,246.57,14143.32,285.7769091,4676.9,11040.83,21.0,18.0,16.0
357,40.0,10922.51,261.97,14847.97,273.06275,2742.76,8179.75,9.0,18.0,13.0
358,40.0,11066.19,184.72,13884.24,276.65475,3401.27,7664.92,16.0,11.0,13.0
359,49.0,13076.23,221.79,13357.02,266.8618367,3747.23,9329.0,15.0,16.0,18.0
360,46.0,13363.87,135.96,13899.24,290.518913,1661.82,11702.05,21.0,14.0,11.0
361,52.0,14339.41,219.53,14928.35,275.7578846,2651.51,11687.9,20.0,17.0,15.0
362,42.0,11200.66,202.69,14401.17,266.682381,2522.53,8678.13,14.0,17.0,11.0
363,38.0,11702.13,387.65,12995.7,307.9507895,3759.72,7942.41,10.0,17.0,11.0
364,40.0,11391.55,290.59,13560.63,284.78875,4798.01,6593.54,12.0,18.0,10.0
365,49.0,18003.83,192.63,14833.34,367.425102,3178.33,14825.5,22.0,10.0,17.0
366,45.0,16077.81,162.53,13696.31,357.2846667,3360.52,12717.29,15.0,17.0,13.0
367,59.0,18252.62,392.34,13406.0,309.3664407,4795.54,13457.08,18.0,27.0,14.0
368,45.0,12821.57,241.79,14021.4,284.9237778,3512.36,9309.21,18.0,13.0,14.0
369,43.0,14145.32,164.61,12578.75,328.9609302,2517.15,11628.17,11.0,15.0,17.0
370,41.0,11105.93,221.56,14214.48,270.8763415,2411.54,8694.39,10.0,11.0,20.0
371,54.0,15260.35,261.97,14852.42,282.5990741,1947.38,13312.97,17.0,20.0,17.0
372,51.0,16064.25,123.24,12896.68,314.9852941,2350.11,13714.14,19.0,18.0,14.0
373,44.0,13442.62,187.65,14576.47,305.5140909,2071.06,11371.56,12.0,18.0,14.0
374,80.0,28371.7,189.69,13991.5,354.64625,5250.37,23121.33,30.0,32.0,18.0
375,55.0,14285.16,123.24,13694.68,259.7301818,3374.22,10910.94,17.0,15.0,23.0
376,50.0,12893.82,160.57,13899.24,257.8764,3043.34,9850.48,17.0,17.0,16.0
377,43.0,13489.18,105.01,14928.35,313.7018605,2616.05,10873.13,15.0,13.0,15.0
378,54.0,18326.11,185.47,14466.38,339.3724074,3423.6,14902.51,21.0,16.0,17.0
379,44.0,14156.56,151.28,14365.18,321.74,4316.91,9839.65,11.0,22.0,11.0
380,32.0,8832.21,101.25,14852.42,276.0065625,2616.66,6215.55,9.0,16.0,7.0
381,41.0,11713.02,319.04,14942.78,285.6834146,2018.5,9694.52,16.0,16.0,9.0
382,59.0,19270.61,151.42,14639.28,326.6205085,4902.27,14368.34,19.0,20.0,20.0
383,50.0,12368.61,341.94,14576.47,247.3722,2727.15,9641.46,24.0,12.0,14.0
384,51.0,14187.55,476.19,14473.33,278.1872549,2041.74,12145.81,20.0,20.0,11.0
385,39.0,10430.87,162.53,13872.03,267.4582051,2675.55,7755.32,17.0,9.0,13.0
386,57.0,18448.01,290.24,13964.31,323.6492982,2985.7,15462.31,16.0,25.0,16.0
387,49.0,13038.55,185.47,14783.33,266.0928571,3804.16,9234.39,14.0,14.0,21.0
388,47.0,15574.01,193.06,14453.35,331.3619149,4431.84,11142.17,18.0,17.0,12.0
389,47.0,12403.15,234.41,14304.38,263.8968085,4303.07,8100.08,24.0,14.0,9.0
390,58.0,22266.28,201.04,14268.95,383.9013793,2307.28,19959.0,17.0,20.0,21.0
391,40.0,10889.11,167.72,14804.7,272.22775,1017.15,9871.96,10.0,15.0,15.0
392,42.0,14194.9,232.56,12709.58,337.9738095,3529.57,10665.33,10.0,16.0,16.0
393,42.0,12318.53,151.42,13267.09,293.2983333,3064.8,9253.73,15.0,9.0,18.0
394,51.0,15890.57,130.76,13913.92,311.5798039,2916.47,12974.1,18.0,17.0,16.0
395,48.0,13286.81,239.12,13534.3,276.8085417,3063.12,10223.69,18.0,16.0,14.0
396,58.0,17776.85,131.25,14389.45,306.4974138,4490.98,13285.87,20.0,18.0,20.0
397,42.0,11914.86,105.01,14371.08,283.6871429,1378.08,10536.78,13.0,14.0,15.0
398,43.0,14598.29,112.76,14847.97,339.4951163,2980.64,11617.65,15.0,14.0,14.0
399,48.0,17935.62,214.61,14473.33,373.65875,6450.52,11485.1,18.0,18.0,12.0
400,53.0,14463.73,441.54,13891.47,272.900566,4196.48,10267.25,20.0,20.0,13.0
401,52.0,11732.23,151.28,14143.32,225.6198077,2987.49,8744.74,15.0,19.0,18.0
402,38.0,9937.78,202.69,13758.91,261.5205263,692.93,9244.85,12.0,11.0,15.0
403,49.0,12634.23,131.25,14473.33,257.8414286,2660.09,9974.14,14.0,17.0,18.0
404,62.0,19495.1,193.06,14343.0,314.4370968,3141.18,16353.92,23.0,21.0,18.0
405,51.0,13215.12,106.86,12470.62,259.12,6418.18,6796.94,18.0,16.0,17.0
406,46.0,11175.59,129.79,14639.28,242.9476087,5351.29,5824.3,14.0,18.0,14.0
407,46.0,12061.12,129.29,12470.62,262.1982609,6364.37,5696.75,13.0,20.0,13.0
408,53.0,17036.94,192.63,14510.8,321.4516981,4929.1,12107.84,22.0,15.0,16.0
409,47.0,11608.49,136.74,14977.99,246.9891489,1549.18,10059.31,19.0,17.0,11.0
410,46.0,12330.25,325.15,14765.41,268.048913,3018.06,9312.19,19.0,17.0,10.0
411,48.0,18215.66,234.41,13964.31,379.4929167,4298.86,13916.8,18.0,14.0,16.0
412,56.0,15470.17,130.76,14928.35,276.2530357,4379.31,11090.86,15.0,26.0,15.0
413,59.0,15041.69,117.98,14409.74,254.9438983,2329.84,12711.85,20.0,18.0,21.0
414,43.0,13001.03,112.76,11498.01,302.3495349,5015.03,7986.0,14.0,8.0,21.0
415,42.0,13513.96,224.65,14350.11,321.7609524,4606.98,8906.98,15.0,18.0,9.0
416,56.0,16500.63,164.61,14395.88,294.6541071,3895.54,12605.09,21.0,13.0,22.0
417,45.0,13981.13,105.01,14904.9,310.6917778,3325.79,10655.34,12.0,20.0,13.0
418,53.0,14084.55,106.86,14180.21,265.7462264,2929.94,11154.61,22.0,16.0,15.0
419,47.0,10723.01,106.86,14798.1,228.1491489,1645.79,9077.22,17.0,13.0,17.0
420,48.0,11572.45,136.77,14904.9,241.0927083,2296.82,9275.63,21.0,17.0,10.0
421,42.0,12452.31,293.24,14350.11,296.4835714,1786.23,10666.08,16.0,15.0,11.0
422,36.0,7890.31,271.64,13485.0,219.1752778,2190.3,5700.01,17.0,11.0,8.0
423,46.0,15427.71,528.38,14321.73,335.385,1573.01,13854.7,22.0,14.0,10.0
424,49.0,14023.02,271.78,14815.87,286.1840816,2482.41,11540.61,16.0,20.0,13.0
425,62.0,15720.44,225.53,14935.5,253.5554839,5452.62,10267.82,26.0,19.0,17.0
426,55.0,17219.3,167.72,13510.11,313.0781818,7164.43,10054.87,18.0,19.0,18.0
427,44.0,14624.95,112.76,13694.68,332.3852273,4279.59,10345.36,16.0,13.0,15.0
428,45.0,15250.64,207.1,14631.88,338.9031111,4110.46,11140.18,12.0,17.0,16.0
429,59.0,19371.53,117.98,14815.87,328.3310169,3992.66,15378.87,20.0,23.0,16.0
430,65.0,20449.26,187.9,14611.9,314.604,3843.15,16606.11,23.0,27.0,15.0
431,48.0,13776.21,220.51,14611.9,287.004375,2369.32,11406.89,23.0,10.0,15.0
432,58.0,16889.13,344.07,13991.5,291.1918966,2460.02,14429.11,29.0,15.0,14.0
433,48.0,15141.47,241.79,13784.4,315.4472917,2590.63,12550.84,12.0,17.0,19.0
434,53.0,16350.47,273.78,14977.99,308.499434,4076.3,12274.17,18.0,17.0,18.0
435,47.0,12416.53,229.02,14466.38,264.1814894,2098.89,10317.64,15.0,12.0,20.0
436,49.0,14198.34,167.72,14611.9,289.7620408,4260.81,9937.53,21.0,16.0,12.0
437,42.0,14256.92,167.28,14611.9,339.4504762,1957.52,12299.4,19.0,10.0,13.0
438,59.0,17834.0,465.63,14881.77,302.2711864,3443.77,14390.23,18.0,20.0,21.0
439,47.0,12944.07,224.65,14611.9,275.4057447,3685.1,9258.97,18.0,19.0,10.0
440,32.0,11660.91,558.99,13523.65,364.4034375,3199.02,8461.89,6.0,11.0,15.0
441,45.0,11456.01,102.2,14817.22,254.578,2614.43,8841.58,20.0,16.0,9.0
442,50.0,12367.82,167.72,14798.1,247.3564,1141.75,11226.07,19.0,14.0,17.0
443,49.0,17600.46,214.61,14273.42,359.1930612,3906.26,13694.2,18.0,17.0,14.0
444,47.0,14336.57,290.59,14817.22,305.0334043,3234.97,11101.6,10.0,22.0,15.0
445,59.0,19176.72,229.02,13899.24,325.0291525,4108.87,15067.85,22.0,20.0,17.0
446,50.0,12862.61,213.0,14851.28,257.2522,2483.47,10379.14,14.0,14.0,22.0
447,50.0,15555.79,221.56,13779.97,311.1158,4134.88,11420.91,15.0,14.0,21.0
448,59.0,17910.52,164.61,12961.53,303.5681356,3707.56,14202.96,23.0,17.0,19.0
449,60.0,13489.1,453.39,14783.33,224.8183333,2432.95,11056.15,18.0,20.0,22.0
450,52.0,13650.09,135.96,11903.82,262.5017308,3113.01,10537.08,21.0,16.0,15.0
451,51.0,13975.32,232.56,13586.99,274.0258824,3626.48,10348.84,12.0,18.0,21.0
452,49.0,12908.85,222.22,14817.22,263.4459184,4108.65,8800.2,22.0,15.0,12.0
453,48.0,15718.74,300.87,13913.92,327.47375,3530.86,12187.88,15.0,16.0,17.0
454,61.0,16821.49,167.28,14077.97,275.7621311,3552.83,13268.66,17.0,20.0,24.0
455,46.0,10883.48,160.57,13758.91,236.5973913,2162.85,8720.63,16.0,17.0,13.0
456,50.0,15818.96,129.79,14371.08,316.3792,3339.56,12479.4,17.0,19.0,14.0
457,42.0,10865.98,546.46,14365.18,258.7138095,1527.21,9338.77,13.0,14.0,15.0
458,46.0,9645.28,267.53,13586.06,209.68,2807.68,6837.6,17.0,16.0,13.0
459,44.0,13131.96,220.51,13891.47,298.4536364,2776.94,10355.02,10.0,26.0,8.0
460,43.0,15037.61,125.85,14904.9,349.7118605,2477.74,12559.87,10.0,20.0,13.0
461,44.0,11000.36,193.8,14928.35,250.0081818,2270.48,8729.88,14.0,14.0,16.0
462,35.0,9589.07,319.65,14942.78,273.9734286,3351.33,6237.74,9.0,15.0,11.0
463,45.0,12189.69,105.01,13988.12,270.882,2488.62,9701.07,17.0,12.0,16.0
464,46.0,12284.83,135.96,14817.22,267.0615217,2100.74,10184.09,22.0,17.0,7.0
465,50.0,15625.35,213.36,12626.49,312.507,3038.58,12586.77,15.0,20.0,15.0
466,45.0,13428.23,327.68,14304.38,298.4051111,2901.25,10526.98,13.0,14.0,18.0
467,49.0,13385.27,120.89,12719.93,273.1687755,1185.21,12200.06,13.0,18.0,18.0
468,60.0,21449.72,129.79,14453.35,357.4953333,3229.62,18220.1,19.0,18.0,23.0
469,40.0,12538.87,222.22,11123.65,313.47175,4543.09,7995.78,10.0,18.0,12.0
470,55.0,15823.39,219.53,13625.52,287.698,2641.89,13181.5,17.0,16.0,22.0
471,40.0,9445.4,264.83,13498.55,236.135,791.63,8653.77,18.0,14.0,8.0
472,48.0,12922.94,399.0,12801.93,269.2279167,4009.3,8913.64,16.0,12.0,20.0
473,56.0,16292.49,136.77,13648.36,290.9373214,5303.61,10988.88,16.0,26.0,14.0
474,54.0,17338.05,229.02,13267.09,321.075,5376.74,11961.31,22.0,13.0,19.0
475,45.0,8550.79,327.68,14410.44,190.0175556,1533.11,7017.68,17.0,14.0,14.0
476,39.0,10472.54,106.86,13696.61,268.5266667,1662.99,8809.55,10.0,14.0,15.0
477,39.0,15683.48,160.83,12344.9,402.1405128,5221.88,10461.6,8.0,18.0,13.0
478,54.0,15345.9,206.2,14304.38,284.1833333,2706.17,12639.73,15.0,20.0,19.0
479,46.0,13834.32,189.69,14494.18,300.746087,1835.25,11999.07,15.0,14.0,17.0
480,61.0,16860.8,106.86,14928.35,276.4065574,4312.66,12548.14,24.0,19.0,18.0
481,57.0,16237.93,117.98,14389.45,284.8759649,4799.04,11438.89,13.0,23.0,21.0
482,49.0,19362.95,164.61,13884.24,395.1622449,1510.28,17852.67,15.0,15.0,19.0
483,52.0,17877.64,123.24,13948.09,343.8007692,4171.66,13705.98,20.0,16.0,16.0
484,58.0,18998.99,264.83,14851.28,327.5687931,5424.62,13574.37,20.0,16.0,22.0
485,44.0,11554.94,129.79,13273.08,262.6122727,4004.19,7550.75,16.0,18.0,10.0
486,47.0,11366.13,341.94,14765.41,241.8325532,2950.99,8415.14,15.0,14.0,18.0
487,64.0,22462.85,102.2,12526.71,350.9820313,3803.71,18659.14,29.0,19.0,16.0
488,36.0,10634.32,368.78,14343.0,295.3977778,2413.56,8220.76,12.0,11.0,13.0
489,49.0,14457.31,221.56,14881.77,295.0471429,3783.64,10673.67,13.0,20.0,16.0
490,47.0,19134.44,136.77,14783.33,407.1157447,3493.9,15640.54,16.0,16.0,15.0
491,46.0,10434.16,101.25,14928.35,226.8295652,1917.12,8517.04,19.0,15.0,12.0
492,50.0,14803.62,269.01,14268.95,296.0724,2851.96,11951.66,21.0,11.0,18.0
493,63.0,18502.19,187.65,14829.85,293.6855556,3916.16,14586.03,17.0,24.0,22.0
494,51.0,12919.3,352.31,14765.41,253.3196078,3658.17,9261.13,14.0,19.0,18.0
495,53.0,16575.67,233.21,14576.47,312.7484906,1528.65,15047.02,20.0,20.0,13.0
496,52.0,14058.34,145.5,13648.36,270.3526923,4204.9,9853.44,17.0,17.0,18.0
497,52.0,16466.05,136.74,13801.15,316.6548077,3962.55,12503.5,12.0,12.0,28.0
498,51.0,13713.38,160.57,14942.78,268.8898039,3825.39,9887.99,15.0,18.0,18.0
499,59.0,17189.38,287.46,14851.28,291.3454237,4759.52,12429.86,19.0,19.0,21.0
500,46.0,12523.61,267.53,14639.28,272.2523913,2060.57,10463.04,16.0,12.0,18.0
501,55.0,16716.84,185.87,14851.28,303.9425455,2572.59,14144.25,26.0,11.0,18.0
502,49.0,12712.81,106.86,14143.32,259.445102,4767.45,7945.36,17.0,19.0,13.0
503,49.0,13122.5,213.36,14798.1,267.8061224,4074.5,9048.0,11.0,21.0,17.0
504,38.0,10104.2,250.93,14935.5,265.9,3665.81,6438.39,17.0,13.0,8.0
505,41.0,10485.28,117.98,13558.56,255.7385366,1972.53,8512.75,19.0,17.0,5.0
506,61.0,18171.31,248.52,14180.21,297.8903279,4721.75,13449.56,16.0,23.0,22.0
507,47.0,11386.21,106.86,13869.86,242.2597872,2146.69,9239.52,12.0,17.0,18.0
508,46.0,15205.12,125.85,13948.09,330.546087,4259.46,10945.66,15.0,15.0,16.0
509,49.0,16334.21,264.83,13267.09,333.3512245,2747.21,13587.0,18.0,15.0,16.0
510,53.0,16155.45,207.1,14473.33,304.8198113,1169.28,14986.17,15.0,22.0,16.0
511,69.0,18331.67,101.25,14371.08,265.6763768,5228.82,13102.85,18.0,29.0,22.0
512,33.0,7371.23,705.75,14942.78,223.3706061,1116.99,6254.24,14.0,9.0,10.0
513,45.0,11075.29,230.09,12148.32,246.1175556,5712.92,5362.37,5.0,23.0,17.0
514,54.0,14745.15,290.24,14833.34,273.0583333,5518.05,9227.1,16.0,19.0,19.0
515,70.0,21533.52,151.42,14489.69,307.6217143,7669.97,13863.55,30.0,16.0,24.0
516,59.0,17150.47,268.77,14395.88,290.6859322,2259.79,14890.68,22.0,15.0,22.0
517,56.0,13382.83,129.79,14330.47,238.9791071,2681.19,10701.64,19.0,16.0,21.0
518,49.0,18234.92,271.78,13558.56,372.1412245,2308.79,15926.13,21.0,12.0,16.0
519,50.0,15494.46,387.65,14563.02,309.8892,2771.26,12723.2,17.0,15.0,18.0
520,46.0,13196.24,359.06,14576.47,286.8747826,3284.77,9911.47,13.0,17.0,16.0
521,45.0,12513.67,162.53,14510.8,278.0815556,2323.19,10190.48,10.0,20.0,15.0
522,58.0,19396.44,137.42,14328.29,334.4213793,7186.7,12209.74,16.0,20.0,22.0
523,58.0,18749.98,125.85,14371.08,323.2755172,5456.3,13293.68,18.0,18.0,22.0
524,57.0,14876.18,189.69,14466.38,260.985614,2819.18,12057.0,23.0,18.0,16.0
525,50.0,17153.95,202.69,13872.03,343.079,2247.13,14906.82,17.0,19.0,14.0
526,38.0,11730.28,290.24,14977.99,308.6915789,3766.98,7963.3,11.0,15.0,12.0
527,47.0,10488.6,233.21,14214.48,223.1617021,3303.51,7185.09,17.0,16.0,14.0
528,62.0,21472.78,167.72,12540.18,346.3351613,5629.44,15843.34,21.0,21.0,20.0
529,51.0,15346.52,173.7,13784.4,300.9121569,1901.88,13444.64,15.0,17.0,19.0
530,57.0,16586.31,167.72,13988.12,290.9878947,4516.27,12070.04,21.0,14.0,22.0
531,46.0,12935.83,703.26,13586.99,281.2136957,3980.54,8955.29,15.0,15.0,16.0
532,58.0,15281.04,151.42,13054.54,263.4662069,3482.46,11798.58,21.0,14.0,23.0
533,55.0,16690.98,213.36,11726.47,303.4723636,3025.67,13665.31,20.0,22.0,13.0
534,41.0,14798.98,112.76,14833.34,360.9507317,3784.46,11014.52,16.0,13.0,12.0
535,32.0,8387.33,341.24,14350.11,262.1040625,2897.14,5490.19,10.0,11.0,11.0
536,54.0,15350.24,187.65,14401.17,284.2637037,3298.78,12051.46,20.0,12.0,22.0
537,66.0,18939.19,259.44,13586.06,286.9574242,4560.6,14378.59,24.0,22.0,20.0
538,53.0,16189.49,399.0,13784.4,305.4620755,5162.19,11027.3,14.0,17.0,22.0
539,52.0,14409.2,312.19,14804.7,277.1,3534.27,10874.93,13.0,19.0,20.0
540,38.0,10092.53,246.57,13913.92,265.5928947,842.51,9250.02,7.0,19.0,12.0
541,51.0,15337.09,101.25,14453.35,300.7272549,3219.43,12117.66,14.0,24.0,13.0
542,41.0,9356.49,135.96,13793.53,228.2070732,2279.44,7077.05,11.0,16.0,14.0
543,46.0,14425.97,173.7,14833.34,313.6080435,3992.45,10433.52,13.0,16.0,17.0
544,52.0,13145.95,250.93,12709.58,252.8067308,1178.9,11967.05,19.0,15.0,18.0
545,59.0,21092.27,137.42,14631.88,357.4961017,2388.31,18703.96,16.0,16.0,27.0
546,54.0,14795.07,160.83,14904.9,273.9827778,3464.04,11331.03,19.0,14.0,21.0
547,66.0,21257.62,321.21,12470.62,322.0851515,5777.71,15479.91,24.0,23.0,19.0
548,52.0,17456.97,112.76,14464.3,335.7109615,2973.96,14483.01,15.0,22.0,15.0
549,49.0,14564.8,265.51,12719.93,297.2408163,4332.07,10232.73,14.0,15.0,20.0
550,60.0,17889.11,136.74,14631.88,298.1518333,5645.72,12243.39,22.0,21.0,17.0
551,41.0,11221.86,339.16,14942.78,273.7039024,3216.88,8004.98,15.0,13.0,13.0
552,60.0,21332.9,207.1,14881.77,355.5483333,5641.81,15691.09,19.0,30.0,11.0
553,50.0,14642.05,224.65,11748.86,292.841,6200.27,8441.78,14.0,19.0,17.0
554,45.0,15864.79,370.81,13869.86,352.5508889,4091.81,11772.98,13.0,16.0,16.0
555,49.0,18798.52,241.79,14942.78,383.6432653,5336.78,13461.74,17.0,19.0,13.0
556,36.0,9934.19,319.84,14143.32,275.9497222,2056.5,7877.69,13.0,13.0,10.0
557,31.0,9599.35,289.71,13648.36,309.6564516,2470.9,7128.45,12.0,12.0,7.0
558,41.0,9965.95,206.2,14798.1,243.0719512,2368.26,7597.69,12.0,14.0,15.0
559,55.0,19743.99,207.74,14494.18,358.9816364,6148.26,13595.73,19.0,20.0,16.0
560,41.0,11365.59,319.84,13988.12,277.2095122,3491.69,7873.9,12.0,9.0,20.0
561,54.0,17096.5,102.2,14798.1,316.6018519,3628.31,13468.19,23.0,13.0,18.0
562,38.0,13421.27,300.87,14928.35,353.1913158,3093.17,10328.1,14.0,11.0,13.0
563,46.0,12432.37,129.79,14783.33,270.268913,3155.84,9276.53,12.0,20.0,14.0
564,36.0,10499.57,596.16,13648.36,291.6547222,761.04,9738.53,9.0,11.0,16.0
565,62.0,23474.64,129.79,14935.5,378.6232258,6455.02,17019.62,22.0,21.0,19.0
566,63.0,19589.12,364.72,13872.03,310.9384127,4008.41,15580.71,20.0,24.0,19.0
567,59.0,18568.38,246.57,14639.28,314.7183051,4868.23,13700.15,22.0,20.0,17.0
568,39.0,10880.37,135.96,14881.77,278.9838462,4544.22,6336.15,9.0,15.0,15.0
569,53.0,14456.82,173.7,14410.44,272.7701887,2550.5,11906.32,9.0,18.0,26.0
570,40.0,10658.82,130.76,14639.28,266.4705,575.0,10083.82,11.0,14.0,15.0
571,61.0,21459.05,137.42,14977.99,351.7877049,6590.21,14868.84,21.0,22.0,18.0
572,59.0,20558.04,151.42,14395.88,348.4413559,3135.65,17422.39,16.0,19.0,24.0
573,50.0,14289.71,187.65,13586.06,285.7942,6669.7,7620.01,18.0,19.0,13.0
574,57.0,17599.39,290.24,14904.9,308.7612281,3385.14,14214.25,17.0,24.0,16.0
575,52.0,15435.26,259.44,11505.35,296.8319231,2031.63,13403.63,21.0,12.0,19.0
576,51.0,15364.38,303.68,14676.05,301.2623529,5221.74,10142.64,21.0,19.0,11.0
577,58.0,15123.62,129.79,14304.38,260.752069,4980.65,10142.97,19.0,17.0,22.0
578,42.0,10583.89,187.9,14881.77,251.997381,3784.54,6799.35,13.0,19.0,10.0
579,46.0,9749.86,232.56,13801.15,211.9534783,986.77,8763.09,20.0,16.0,10.0
580,50.0,16236.71,300.87,14852.42,324.7342,3112.46,13124.25,15.0,16.0,19.0
581,44.0,11182.27,548.45,14328.29,254.1425,2905.29,8276.98,16.0,17.0,11.0
582,47.0,14243.9,164.61,14847.97,303.0617021,4235.26,10008.64,17.0,18.0,12.0
583,56.0,19389.94,264.83,14852.42,346.2489286,5274.64,14115.3,16.0,16.0,24.0
584,55.0,19328.34,221.79,13510.11,351.4243636,3168.46,16159.88,21.0,22.0,12.0
585,60.0,15685.36,130.76,14851.28,261.4226667,3220.91,12464.45,24.0,19.0,17.0
586,49.0,14313.64,102.2,14847.97,292.115102,3114.4,11199.24,11.0,20.0,18.0
587,37.0,10489.8,187.9,12652.22,283.5081081,1054.87,9434.93,13.0,12.0,12.0
588,62.0,21701.54,125.85,14611.9,350.0248387,5590.56,16110.98,22.0,23.0,17.0
589,57.0,17129.51,261.97,14563.02,300.5177193,5173.77,11955.74,19.0,22.0,16.0
590,48.0,13886.48,145.5,14510.8,289.3016667,2075.3,11811.18,19.0,16.0,13.0
591,46.0,13198.43,213.0,14851.28,286.9223913,1624.14,11574.29,15.0,12.0,19.0
592,57.0,17309.0,271.78,14409.74,303.6666667,4054.23,13254.77,16.0,26.0,15.0
593,38.0,13491.5,379.82,13510.11,355.0394737,3254.36,10237.14,10.0,10.0,18.0
594,59.0,21461.72,136.77,13991.5,363.7579661,8556.4,12905.32,13.0,21.0,25.0
595,54.0,18098.05,230.09,13534.3,335.1490741,4577.87,13520.18,17.0,16.0,21.0
596,51.0,15155.82,167.28,14563.02,297.1729412,2609.14,12546.68,17.0,21.0,13.0
597,48.0,16843.55,102.2,13872.03,350.9072917,2854.19,13989.36,13.0,21.0,14.0
598,60.0,21212.52,184.72,14021.4,353.542,2161.22,19051.3,20.0,24.0,16.0
599,51.0,17815.52,269.01,13891.47,349.3239216,1510.29,16305.23,20.0,18.0,13.0
600,44.0,11840.61,151.42,12893.85,269.1047727,1463.32,10377.29,15.0,16.0,13.0
601,55.0,17334.14,234.41,14328.29,315.1661818,5598.04,11736.1,16.0,20.0,19.0
602,43.0,13330.59,187.9,11624.93,310.0137209,2950.95,10379.64,21.0,12.0,10.0
603,29.0,7706.11,409.26,14611.9,265.727931,2495.55,5210.56,5.0,10.0,14.0
604,58.0,19724.07,321.21,14143.32,340.0701724,6495.27,13228.8,23.0,20.0,15.0
605,45.0,13034.28,578.06,14273.42,289.6506667,4223.39,8810.89,14.0,15.0,16.0
606,54.0,16274.74,248.52,12958.65,301.3840741,3087.0,13187.74,16.0,21.0,17.0
607,38.0,8695.3,409.26,13542.41,228.8236842,2287.51,6407.79,11.0,15.0,12.0
608,48.0,12171.25,192.63,14798.1,253.5677083,1116.93,11054.32,23.0,13.0,12.0
609,46.0,15288.6,185.47,13884.24,332.3608696,4640.26,10648.34,12.0,17.0,17.0
610,60.0,21433.42,135.96,13330.74,357.2236667,5933.06,15500.36,21.0,24.0,15.0
611,40.0,11131.21,303.68,14563.02,278.28025,2217.77,8913.44,10.0,13.0,17.0
612,44.0,12513.9,131.25,14852.42,284.4068182,3515.7,8998.2,12.0,18.0,14.0
613,55.0,16390.64,293.24,14409.74,298.0116364,3541.99,12848.65,14.0,24.0,17.0
614,62.0,17437.57,461.83,13991.5,281.251129,6452.78,10984.79,25.0,25.0,12.0
615,59.0,20671.1,164.12,10389.6,350.3576271,5439.22,15231.88,15.0,21.0,23.0
616,59.0,16800.1,151.42,14852.42,284.7474576,3841.3,12958.8,14.0,20.0,25.0
617,47.0,14064.57,129.79,13779.97,299.2461702,2423.69,11640.88,15.0,17.0,15.0
618,31.0,7980.03,254.75,14783.33,257.4203226,2005.74,5974.29,10.0,8.0,13.0
619,42.0,15312.32,106.86,13264.14,364.5790476,3763.09,11549.23,11.0,10.0,21.0
620,54.0,15802.84,164.61,14410.44,292.6451852,2509.85,13292.99,21.0,22.0,11.0
621,55.0,13346.04,250.93,14833.34,242.6552727,2206.85,11139.19,26.0,17.0,12.0
622,41.0,14240.89,263.98,14833.34,347.3387805,3828.77,10412.12,9.0,12.0,20.0
623,49.0,14599.93,230.09,14466.38,297.9577551,3163.77,11436.16,13.0,20.0,16.0
624,49.0,12659.64,672.79,14563.02,258.36,3267.2,9392.44,18.0,17.0,14.0
625,56.0,17526.05,290.59,14817.22,312.9651786,5095.9,12430.15,18.0,20.0,18.0
626,46.0,17233.39,267.53,14631.88,374.638913,4291.93,12941.46,16.0,15.0,15.0
627,43.0,11590.01,101.25,14783.33,269.5351163,2779.04,8810.97,13.0,11.0,19.0
628,52.0,18076.42,162.53,14639.28,347.6234615,6055.28,12021.14,18.0,17.0,17.0
629,67.0,18848.35,167.28,13084.27,281.3186567,3796.14,15052.21,17.0,32.0,18.0
630,49.0,13040.64,112.76,13696.61,266.1355102,2124.13,10916.51,11.0,18.0,20.0
631,59.0,20970.81,213.0,13884.24,355.4374576,6453.68,14517.13,21.0,23.0,15.0
632,57.0,18985.33,164.61,14631.88,333.0759649,6469.94,12515.39,17.0,22.0,18.0
633,56.0,14589.59,213.0,14765.41,260.5283929,3232.33,11357.26,13.0,21.0,22.0
634,54.0,16946.83,130.76,13784.4,313.8301852,7387.27,9559.56,19.0,19.0,16.0
635,49.0,16277.87,337.62,14268.95,332.2014286,2561.45,13716.42,14.0,18.0,17.0
636,57.0,15553.8,106.86,13625.52,272.8736842,5667.47,9886.33,17.0,24.0,16.0
637,54.0,13245.94,136.77,14365.18,245.2951852,1745.41,11500.53,17.0,21.0,16.0
638,50.0,12729.07,560.73,14409.74,254.5814,2144.09,10584.98,21.0,14.0,15.0
639,49.0,15339.46,431.16,14576.47,313.0502041,2546.44,12793.02,16.0,17.0,16.0
640,46.0,11026.05,151.42,13913.92,239.6967391,2064.8,8961.25,16.0,12.0,18.0
641,41.0,10855.16,213.0,14352.33,264.76,3097.12,7758.04,11.0,13.0,17.0
642,44.0,11232.97,475.63,13485.0,255.2947727,434.08,10798.89,16.0,14.0,14.0
643,64.0,21070.26,164.61,13264.14,329.2228125,7260.36,13809.9,17.0,27.0,20.0
644,53.0,17006.33,369.86,14576.47,320.8741509,998.82,16007.51,21.0,19.0,13.0
645,46.0,13491.46,185.87,14352.33,293.2926087,2579.13,10912.33,17.0,16.0,13.0
646,57.0,14514.18,233.21,14852.42,254.6347368,2588.41,11925.77,19.0,23.0,15.0
647,43.0,11234.28,131.25,14453.35,261.2623256,3552.36,7681.92,15.0,14.0,14.0
648,42.0,10716.64,269.78,14851.28,255.1580952,4300.73,6415.91,14.0,22.0,6.0
649,48.0,13303.2,120.89,14350.11,277.15,521.43,12781.77,21.0,16.0,11.0
650,67.0,20280.96,145.5,14180.21,302.7008955,3964.53,16316.43,20.0,27.0,20.0
651,48.0,11763.35,341.94,14494.18,245.0697917,2228.16,9535.19,15.0,21.0,12.0
652,55.0,14101.79,319.18,14350.11,256.3961818,4000.95,10100.84,26.0,16.0,13.0
653,48.0,15205.81,117.98,11905.64,316.7877083,4943.78,10262.03,18.0,16.0,14.0
654,45.0,15569.2,168.84,12662.66,345.9822222,2478.8,13090.4,15.0,14.0,16.0
655,49.0,19051.93,289.71,14935.5,388.814898,4769.03,14282.9,12.0,18.0,19.0
656,46.0,14561.17,296.47,14180.21,316.5471739,3810.14,10751.03,14.0,14.0,18.0
657,51.0,14907.43,102.2,11310.27,292.302549,3802.99,11104.44,21.0,15.0,15.0
658,44.0,12366.63,214.61,14639.28,281.0597727,1654.51,10712.12,16.0,12.0,16.0
659,54.0,13817.28,221.79,13054.54,255.8755556,4029.74,9787.54,13.0,21.0,20.0
660,59.0,12961.33,225.53,14410.44,219.6835593,1887.33,11074.0,20.0,24.0,15.0
661,48.0,13821.51,250.93,14304.38,287.948125,4841.77,8979.74,13.0,19.0,16.0
662,44.0,12419.69,112.76,14817.22,282.2656818,2631.16,9788.53,18.0,13.0,13.0
663,54.0,16446.8,213.36,13964.31,304.5703704,5871.82,10574.98,18.0,24.0,12.0
664,61.0,18228.33,135.96,14815.87,298.825082,4828.73,13399.6,19.0,25.0,17.0
665,60.0,20325.48,243.92,13264.14,338.758,6641.23,13684.25,13.0,27.0,20.0
666,48.0,16006.89,160.83,14833.34,333.476875,3874.83,12132.06,16.0,16.0,16.0
667,45.0,11478.78,233.21,14851.28,255.084,2699.36,8779.42,14.0,19.0,12.0
668,54.0,13957.98,184.72,13498.55,258.4811111,2520.61,11437.37,22.0,21.0,11.0
669,49.0,16185.64,233.21,13884.24,330.3191837,1812.58,14373.06,22.0,13.0,14.0
670,54.0,19036.38,187.65,13586.99,352.5255556,2835.6,16200.78,17.0,18.0,19.0
671,47.0,14030.0,193.06,13869.86,298.5106383,2849.4,11180.6,17.0,23.0,7.0
672,57.0,15791.34,259.77,14494.18,277.0410526,1558.7,14232.64,16.0,21.0,20.0
673,42.0,11712.69,369.86,14389.45,278.8735714,3589.62,8123.07,13.0,18.0,11.0
674,52.0,15132.4,187.65,14021.4,291.0076923,2519.82,12612.58,13.0,23.0,16.0
675,46.0,12031.79,202.69,14935.5,261.5606522,3725.86,8305.93,13.0,21.0,12.0
676,47.0,16166.9,117.98,14466.38,343.9765957,4398.38,11768.52,13.0,18.0,16.0
677,48.0,15736.1,105.01,14409.74,327.8354167,4706.56,11029.54,16.0,18.0,14.0
678,48.0,18029.11,246.57,12042.79,375.6064583,2096.31,15932.8,18.0,20.0,10.0
679,58.0,16941.9,246.57,13542.41,292.1017241,5543.72,11398.18,17.0,24.0,17.0
680,40.0,12753.92,591.23,14847.97,318.848,3884.59,8869.33,12.0,21.0,7.0
681,47.0,16425.23,136.74,14804.7,349.4729787,5801.62,10623.61,7.0,22.0,18.0
682,44.0,12720.56,756.74,12970.21,289.1036364,3161.24,9559.32,17.0,17.0,10.0
683,51.0,13813.75,151.42,12104.51,270.8578431,3287.67,10526.08,17.0,15.0,19.0
684,50.0,14700.26,213.36,14977.99,294.0052,3388.98,11311.28,16.0,16.0,18.0
685,40.0,17644.47,168.84,14676.05,441.11175,1956.76,15687.71,14.0,16.0,10.0
686,58.0,16961.59,213.36,14852.42,292.4412069,5464.56,11497.03,19.0,20.0,19.0
687,53.0,11452.31,160.57,13784.4,216.0813208,1815.17,9637.14,18.0,14.0,21.0
688,54.0,17074.96,187.65,14935.5,316.202963,3454.06,13620.9,22.0,15.0,17.0
689,51.0,15138.89,162.53,14494.18,296.8409804,3497.7,11641.19,16.0,20.0,15.0
690,60.0,15393.62,137.42,13884.24,256.5603333,2698.51,12695.11,22.0,23.0,15.0
691,52.0,15236.09,193.8,14563.02,293.0017308,4589.15,10646.94,17.0,12.0,23.0
692,46.0,14064.91,151.28,14817.22,305.758913,1109.23,12955.68,21.0,11.0,14.0
693,49.0,12004.54,241.79,14852.42,244.9906122,1460.96,10543.58,12.0,17.0,20.0
694,55.0,14391.28,184.72,13856.18,261.6596364,2230.59,12160.69,25.0,12.0,18.0
695,56.0,16859.53,184.72,14409.74,301.0630357,3434.7,13424.83,21.0,18.0,17.0
696,55.0,16285.34,213.0,14466.38,296.0970909,5914.46,10370.88,18.0,21.0,16.0
697,49.0,16165.67,193.8,14851.28,329.9116327,2965.62,13200.05,18.0,15.0,16.0
698,59.0,18757.85,151.42,14676.05,317.929661,3432.06,15325.79,14.0,25.0,20.0
699,52.0,13395.36,105.01,14348.65,257.6030769,3569.05,9826.31,13.0,18.0,21.0
700,63.0,20303.83,101.25,14389.45,322.2830159,4220.75,16083.08,12.0,25.0,26.0
701,54.0,16108.13,189.69,14304.38,298.2987037,3406.52,12701.61,16.0,20.0,18.0
702,32.0,8095.62,160.83,13265.92,252.988125,2424.61,5671.01,12.0,12.0,8.0
703,56.0,17317.01,105.01,13801.15,309.2323214,5900.89,11416.12,19.0,14.0,23.0
704,49.0,10337.12,125.85,14847.97,210.9616327,4285.41,6051.71,12.0,22.0,15.0
705,58.0,19755.18,421.93,14466.38,340.6065517,5413.89,14341.29,15.0,19.0,24.0
706,57.0,20041.3,232.56,13587.52,351.6017544,6800.73,13240.57,18.0,16.0,23.0
707,49.0,15376.16,173.7,14348.65,313.7991837,3113.53,12262.63,18.0,16.0,15.0
708,56.0,16103.73,106.86,13704.92,287.5666071,6308.06,9795.67,19.0,26.0,11.0
709,46.0,13184.84,160.83,13884.24,286.6269565,2205.46,10979.38,14.0,14.0,18.0
710,49.0,15409.28,290.59,13847.99,314.475102,1364.53,14044.75,21.0,17.0,11.0
711,45.0,11966.81,168.84,13988.12,265.9291111,2520.55,9446.26,14.0,13.0,18.0
712,37.0,9975.09,106.86,14798.1,269.597027,2245.42,7729.67,13.0,8.0,16.0
713,46.0,17062.05,151.42,13054.54,370.9141304,2998.6,14063.45,17.0,18.0,11.0
714,50.0,15276.3,164.61,14143.32,305.526,6011.66,9264.64,24.0,11.0,15.0
715,63.0,15490.84,151.42,14639.28,245.8863492,3012.11,12478.73,19.0,22.0,22.0
716,41.0,9354.91,105.01,14904.9,228.1685366,2705.43,6649.48,16.0,14.0,11.0
717,59.0,17329.29,117.98,13696.61,293.7167797,5543.55,11785.74,20.0,15.0,24.0
718,47.0,12691.17,136.74,14815.87,270.0248936,4617.23,8073.94,18.0,11.0,18.0
719,43.0,10303.97,185.87,11698.15,239.6272093,1734.05,8569.92,13.0,12.0,18.0
720,38.0,13157.33,293.06,14611.9,346.2455263,3827.47,9329.86,15.0,13.0,10.0
721,49.0,17080.88,120.89,14631.88,348.5893878,4678.67,12402.21,10.0,18.0,21.0
722,54.0,18151.46,344.07,13801.15,336.1381481,5257.91,12893.55,16.0,20.0,18.0
723,59.0,18047.28,137.42,14304.38,305.8861017,1870.04,16177.24,16.0,23.0,20.0
724,50.0,16365.09,271.64,14852.42,327.3018,6554.91,9810.18,19.0,14.0,17.0
725,46.0,12773.25,265.51,14817.22,277.6793478,2164.02,10609.23,15.0,14.0,17.0
726,42.0,9864.98,129.29,13964.31,234.8804762,2499.26,7365.72,13.0,14.0,15.0
727,61.0,18347.9,269.78,13542.41,300.7852459,3503.15,14844.75,24.0,20.0,17.0
728,40.0,13109.43,131.25,14268.95,327.73575,2156.24,10953.19,15.0,14.0,11.0
729,54.0,17705.84,130.76,14268.95,327.8859259,1963.71,15742.13,22.0,16.0,16.0
730,54.0,12356.86,259.44,13347.69,228.8307407,1482.45,10874.41,19.0,19.0,16.0
731,56.0,16253.97,112.76,14389.45,290.2494643,4568.33,11685.64,18.0,18.0,20.0
732,43.0,11067.81,319.18,14268.95,257.3909302,2533.8,8534.01,13.0,13.0,17.0
733,48.0,13362.07,131.25,13891.47,278.3764583,2535.33,10826.74,14.0,20.0,14.0
734,46.0,15087.62,162.53,13084.27,327.9917391,3154.92,11932.7,19.0,11.0,16.0
735,44.0,12257.79,427.3,14942.78,278.5861364,1956.9,10300.89,21.0,14.0,9.0
736,47.0,16158.44,189.69,11123.65,343.7965957,3384.63,12773.81,14.0,21.0,12.0
737,45.0,11311.47,112.76,14977.99,251.366,769.94,10541.53,16.0,13.0,16.0
738,50.0,13003.62,290.59,14817.22,260.0724,1283.12,11720.5,20.0,17.0,13.0
739,69.0,23721.92,137.42,14852.42,343.795942,7379.08,16342.84,23.0,20.0,26.0
740,47.0,12450.63,438.75,14350.11,264.9070213,4022.22,8428.41,14.0,20.0,13.0
741,52.0,14404.94,106.86,14817.22,277.0180769,3952.91,10452.03,24.0,16.0,12.0
742,41.0,11943.2,136.77,14330.47,291.297561,4683.1,7260.1,10.0,18.0,13.0
743,50.0,13271.4,137.42,13732.81,265.428,2847.33,10424.07,19.0,16.0,15.0
744,46.0,13739.85,123.24,14473.33,298.6923913,2653.49,11086.36,18.0,18.0,10.0
745,43.0,13244.71,123.24,14494.18,308.0165116,4235.24,9009.47,15.0,17.0,11.0
746,44.0,13527.92,465.63,14935.5,307.4527273,5095.48,8432.44,20.0,12.0,12.0
747,54.0,18076.3,369.79,14904.9,334.7462963,6764.39,11311.91,19.0,18.0,17.0
748,42.0,15644.83,106.86,12059.85,372.4959524,2834.97,12809.86,11.0,15.0,16.0
749,45.0,13595.68,173.7,13732.81,302.1262222,1105.08,12490.6,15.0,13.0,17.0
750,46.0,13020.27,125.85,13648.36,283.0493478,2900.02,10120.25,18.0,10.0,18.0
751,54.0,15986.75,259.44,14765.41,296.0509259,2864.45,13122.3,19.0,19.0,16.0
752,50.0,14456.67,189.69,13784.4,289.1334,3411.27,11045.4,17.0,18.0,15.0
753,42.0,11188.88,530.81,14409.74,266.4019048,2799.76,8389.12,13.0,17.0,12.0
754,55.0,17669.28,241.79,14833.34,321.2596364,3900.1,13769.18,15.0,21.0,19.0
755,52.0,14991.72,221.56,13779.97,288.3023077,5590.1,9401.62,15.0,14.0,23.0
756,46.0,12012.53,168.84,14494.18,261.1419565,4426.51,7586.02,17.0,15.0,14.0
757,33.0,9091.17,420.67,13801.15,275.49,1988.69,7102.48,12.0,9.0,12.0
758,45.0,13681.39,423.64,14765.41,304.0308889,5026.03,8655.36,15.0,17.0,13.0
759,50.0,16297.03,101.25,13801.15,325.9406,4443.87,11853.16,17.0,19.0,14.0
760,44.0,13010.46,145.5,12893.63,295.6922727,3763.57,9246.89,10.0,20.0,14.0
761,44.0,11124.1,162.53,11833.73,252.8204545,1639.56,9484.54,18.0,9.0,17.0
762,45.0,11428.85,239.12,14510.8,253.9744444,2447.63,8981.22,12.0,17.0,16.0
763,31.0,7226.49,185.87,14847.97,233.1125806,3341.35,3885.14,10.0,10.0,11.0
764,53.0,18283.83,105.01,14881.77,344.9779245,3989.07,14294.76,17.0,21.0,15.0
765,53.0,19286.43,187.9,14268.95,363.8949057,483.54,18802.89,21.0,20.0,12.0
766,44.0,16928.32,585.52,13704.92,384.7345455,3902.9,13025.42,15.0,14.0,15.0
767,62.0,20631.02,314.28,13793.53,332.7583871,3882.4,16748.62,18.0,20.0,24.0
768,38.0,9699.76,341.94,14639.28,255.2568421,1684.87,8014.89,16.0,8.0,14.0
769,38.0,14264.63,184.72,14371.08,375.385,1016.31,13248.32,18.0,12.0,8.0
770,47.0,13852.89,164.61,12723.62,294.7423404,2996.82,10856.07,12.0,22.0,13.0
771,50.0,13683.68,359.06,14851.28,273.6736,6145.62,7538.06,11.0,25.0,14.0
772,55.0,17584.64,354.9,13704.92,319.7207273,4672.53,12912.11,16.0,25.0,14.0
773,58.0,18952.43,321.21,14473.33,326.7660345,3386.01,15566.42,20.0,29.0,9.0
774,47.0,14312.13,293.06,13964.31,304.5134043,2828.6,11483.53,12.0,19.0,16.0
775,38.0,9706.56,264.83,13566.58,255.4357895,3983.6,5722.96,12.0,18.0,8.0
776,47.0,16213.72,167.72,14881.77,344.972766,3788.78,12424.94,15.0,15.0,17.0
777,49.0,15792.52,135.96,13847.99,322.2963265,3354.24,12438.28,16.0,18.0,15.0
778,44.0,11024.29,220.51,13182.11,250.5520455,3619.81,7404.48,13.0,21.0,10.0
779,48.0,11894.74,248.52,14494.18,247.8070833,2316.02,9578.72,14.0,17.0,17.0
780,48.0,14002.43,164.61,13784.4,291.7172917,3016.67,10985.76,13.0,18.0,17.0
781,62.0,18446.71,162.53,14321.73,297.5275806,4116.5,14330.21,18.0,28.0,16.0
782,53.0,15964.64,160.83,14833.34,301.2196226,4769.13,11195.51,18.0,19.0,16.0
783,48.0,12763.81,136.74,14881.77,265.9127083,3863.45,8900.36,19.0,15.0,14.0
784,51.0,12644.99,330.16,14453.35,247.9409804,1820.55,10824.44,18.0,18.0,15.0
785,48.0,16479.26,323.69,14631.88,343.3179167,3201.7,13277.56,16.0,16.0,16.0
786,58.0,15388.3,192.63,14576.47,265.3155172,5562.13,9826.17,24.0,20.0,14.0
787,47.0,17547.28,206.2,14401.17,373.346383,4127.35,13419.93,18.0,18.0,11.0
788,59.0,21866.14,173.7,14804.7,370.6125424,4118.65,17747.49,17.0,19.0,23.0
789,54.0,16486.9,165.75,14935.5,305.312963,3827.54,12659.36,25.0,17.0,12.0
790,45.0,10547.48,105.01,14304.38,234.3884444,3085.27,7462.21,17.0,20.0,8.0
791,60.0,20767.79,221.56,13988.12,346.1298333,3080.62,17687.17,23.0,20.0,17.0
792,54.0,17284.42,123.24,14321.73,320.0818519,5480.66,11803.76,21.0,18.0,15.0
793,55.0,16757.35,106.86,14631.88,304.6790909,3501.43,13255.92,22.0,16.0,17.0
794,50.0,11800.0,246.57,13560.63,236.0,3262.75,8537.25,16.0,18.0,16.0
795,45.0,14914.88,399.57,14401.17,331.4417778,2427.34,12487.54,14.0,17.0,14.0
796,54.0,18019.93,221.56,12991.03,333.7024074,3851.95,14167.98,21.0,11.0,22.0
797,55.0,12598.89,187.9,13510.11,229.0707273,2981.27,9617.62,21.0,20.0,14.0
798,51.0,14403.88,213.36,14852.42,282.4290196,3716.13,10687.75,20.0,11.0,20.0
799,50.0,11283.37,120.89,14631.88,225.6674,3544.57,7738.8,16.0,17.0,17.0
800,40.0,10159.84,248.52,14942.78,253.996,899.29,9260.55,10.0,13.0,17.0
801,43.0,10964.65,230.09,13560.63,254.9918605,1181.0,9783.65,14.0,18.0,11.0
802,54.0,13851.88,145.5,14321.73,256.5162963,2960.27,10891.61,19.0,20.0,15.0
803,45.0,14347.97,125.85,14833.34,318.8437778,2495.22,11852.75,18.0,14.0,13.0
804,43.0,12794.78,151.28,14563.02,297.5530233,2126.82,10667.96,16.0,9.0,18.0
805,45.0,15033.68,145.5,14847.97,334.0817778,2018.42,13015.26,14.0,21.0,10.0
806,51.0,15616.05,229.02,14611.9,306.1970588,2878.6,12737.45,19.0,15.0,17.0
807,69.0,19265.22,106.86,14851.28,279.206087,4529.04,14736.18,21.0,24.0,24.0
808,45.0,14529.78,225.53,14977.99,322.884,3219.43,11310.35,13.0,18.0,14.0
809,65.0,22354.28,123.24,13964.31,343.912,5599.58,16754.7,26.0,22.0,17.0
810,47.0,14701.13,232.56,13758.91,312.79,2999.13,11702.0,15.0,14.0,18.0
811,47.0,14915.15,225.53,14881.77,317.343617,2622.14,12293.01,20.0,14.0,13.0
812,60.0,13439.26,135.96,13991.5,223.9876667,2328.86,11110.4,17.0,22.0,21.0
813,56.0,18365.92,207.74,13777.1,327.9628571,3182.46,15183.46,19.0,21.0,16.0
814,48.0,16220.17,293.06,13899.24,337.9202083,2129.38,14090.79,15.0,22.0,11.0
815,43.0,12562.44,940.91,13913.92,292.1497674,3770.52,8791.92,15.0,19.0,9.0
816,57.0,19465.17,129.29,14639.28,341.4942105,3523.74,15941.43,17.0,25.0,15.0
817,57.0,17777.55,167.72,14631.88,311.8868421,3205.02,14572.53,20.0,19.0,18.0
818,40.0,10519.49,136.77,13523.65,262.98725,1841.51,8677.98,12.0,16.0,12.0
819,54.0,15664.61,221.79,13801.15,290.0853704,3760.81,11903.8,27.0,9.0,18.0
820,55.0,20888.42,220.51,14942.78,379.7894545,7609.67,13278.75,15.0,24.0,16.0
821,48.0,14494.61,164.12,14180.21,301.9710417,3879.71,10614.9,16.0,15.0,17.0
822,59.0,16888.05,221.79,13704.92,286.2381356,3222.77,13665.28,12.0,26.0,21.0
823,43.0,12548.78,184.72,14453.35,291.832093,3892.9,8655.88,14.0,11.0,18.0
824,53.0,16707.36,168.84,14881.77,315.2332075,3141.24,13566.12,19.0,23.0,11.0
825,63.0,20512.86,137.42,14829.85,325.6009524,4400.5,16112.36,24.0,25.0,14.0
826,48.0,13426.28,173.7,13587.52,279.7141667,5123.72,8302.56,14.0,21.0,13.0
827,51.0,14532.89,312.19,13534.3,284.9586275,2575.43,11957.46,22.0,15.0,14.0
828,41.0,9892.89,530.81,14804.7,241.29,3072.44,6820.45,13.0,14.0,14.0
829,52.0,17123.06,261.97,13696.61,329.2896154,3631.37,13491.69,13.0,16.0,23.0
830,46.0,13409.83,420.65,14829.85,291.5180435,547.43,12862.4,20.0,9.0,17.0
831,55.0,17884.46,187.9,14268.95,325.172,4407.54,13476.92,12.0,22.0,21.0
832,60.0,21629.61,192.63,13694.68,360.4935,5742.11,15887.5,15.0,22.0,23.0
833,44.0,16024.01,225.53,12893.63,364.1820455,4257.57,11766.44,14.0,19.0,11.0
834,49.0,14048.28,125.85,14804.7,286.6995918,1467.32,12580.96,12.0,21.0,16.0
835,37.0,6424.06,187.9,14466.38,173.6232432,407.32,6016.74,11.0,12.0,14.0
836,49.0,13057.12,185.47,13869.86,266.4718367,3947.23,9109.89,12.0,17.0,20.0
837,50.0,11955.85,206.2,14510.8,239.117,4597.22,7358.63,15.0,21.0,14.0
838,66.0,21899.76,165.75,14676.05,331.8145455,5918.12,15981.64,19.0,26.0,21.0
839,40.0,7529.18,222.22,12703.24,188.2295,1563.62,5965.56,17.0,8.0,15.0
840,43.0,11606.54,352.31,14489.69,269.9195349,4410.12,7196.42,14.0,11.0,18.0
841,46.0,17038.6,230.09,14352.33,370.4043478,6029.46,11009.14,15.0,18.0,13.0
842,54.0,16282.2,137.42,14977.99,301.5222222,3663.49,12618.71,16.0,22.0,16.0
843,60.0,20759.33,112.76,12995.7,345.9888333,1735.97,19023.36,25.0,21.0,14.0
844,54.0,15833.31,224.65,13273.08,293.2094444,4270.28,11563.03,17.0,12.0,25.0
845,43.0,11217.13,264.83,14371.08,260.8634884,3074.25,8142.88,12.0,14.0,17.0
846,51.0,14103.8,363.92,14395.88,276.545098,2739.89,11363.91,18.0,19.0,14.0
847,64.0,22651.48,465.63,14765.41,353.929375,2914.56,19736.92,22.0,20.0,22.0
848,41.0,10582.6,192.63,13273.08,258.1121951,2039.99,8542.61,15.0,12.0,14.0
849,40.0,11188.4,207.74,14401.17,279.71,5272.51,5915.89,16.0,15.0,9.0
850,41.0,11810.82,164.61,14798.1,288.0687805,2173.89,9636.93,10.0,16.0,15.0
851,49.0,17489.78,164.61,14829.85,356.9342857,5968.83,11520.95,16.0,15.0,18.0
852,42.0,13403.35,243.92,14935.5,319.127381,2326.84,11076.51,14.0,17.0,11.0
853,51.0,21864.26,151.28,13793.53,428.7109804,3756.35,18107.91,17.0,16.0,18.0
854,37.0,11300.74,165.75,14304.38,305.4254054,4441.31,6859.43,9.0,21.0,7.0
855,48.0,14645.7,250.93,14409.74,305.11875,2950.1,11695.6,18.0,14.0,16.0
856,50.0,14052.21,184.72,13521.76,281.0442,3272.68,10779.53,12.0,23.0,15.0
857,53.0,15944.37,136.77,14466.38,300.8371698,3269.34,12675.03,20.0,19.0,14.0
858,61.0,17506.31,135.96,14817.22,286.9886885,5259.71,12246.6,24.0,22.0,15.0
859,50.0,19158.32,202.69,13531.22,383.1664,3852.88,15305.44,18.0,15.0,17.0
860,47.0,18636.93,125.85,13991.5,396.5304255,5166.24,13470.69,14.0,18.0,15.0
861,59.0,16274.94,102.2,12801.93,275.8464407,1975.14,14299.8,19.0,21.0,19.0
862,41.0,11982.95,120.89,14935.5,292.2670732,4088.42,7894.53,13.0,13.0,15.0
863,54.0,18036.06,160.57,14833.34,334.0011111,4520.91,13515.15,15.0,15.0,24.0
864,55.0,15102.69,370.81,14214.48,274.5943636,1684.0,13418.69,16.0,22.0,17.0
865,42.0,12489.64,162.53,14563.02,297.372381,3008.37,9481.27,10.0,16.0,16.0
866,43.0,15829.99,164.61,14765.41,368.1393023,5680.61,10149.38,11.0,16.0,16.0
867,48.0,15504.43,312.19,14410.44,323.0089583,1538.36,13966.07,13.0,18.0,17.0
868,62.0,21909.76,319.84,14977.99,353.3832258,4943.94,16965.82,19.0,25.0,18.0
869,55.0,17747.46,117.98,12719.93,322.6810909,4996.0,12751.46,18.0,18.0,19.0
870,48.0,17393.82,201.04,14143.32,362.37125,3287.92,14105.9,16.0,14.0,18.0
871,53.0,13132.9,136.77,14273.42,247.790566,4974.09,8158.81,19.0,15.0,19.0
872,45.0,13797.41,123.24,14021.4,306.6091111,2660.24,11137.17,15.0,11.0,19.0
873,37.0,11811.12,136.77,14852.42,319.2194595,1911.92,9899.2,11.0,16.0,10.0
874,45.0,9051.88,465.63,14852.42,201.1528889,2224.68,6827.2,19.0,16.0,10.0
875,54.0,13960.38,232.56,14304.38,258.5255556,3040.06,10920.32,20.0,14.0,20.0
876,45.0,18139.86,267.53,13498.55,403.108,5195.4,12944.46,15.0,15.0,15.0
877,53.0,16787.57,129.29,14783.33,316.7466038,3732.58,13054.99,13.0,20.0,20.0
878,42.0,11154.5,232.56,14942.78,265.5833333,1066.85,10087.65,15.0,12.0,15.0
879,68.0,19672.61,187.9,14343.0,289.3030882,2035.18,17637.43,27.0,21.0,20.0
880,43.0,15154.67,168.84,14804.7,352.434186,2156.39,12998.28,11.0,16.0,16.0
881,57.0,14815.38,185.87,14942.78,259.9189474,2979.47,11835.91,15.0,18.0,24.0
882,50.0,15129.27,312.19,14829.85,302.5854,4433.02,10696.25,19.0,16.0,15.0
883,38.0,15289.51,409.26,14494.18,402.3555263,3082.62,12206.89,9.0,14.0,15.0
884,42.0,13209.35,289.71,11624.93,314.5083333,3758.16,9451.19,11.0,15.0,16.0
885,53.0,14285.19,219.53,14928.35,269.5318868,3468.91,10816.28,22.0,16.0,15.0
886,66.0,19179.37,123.24,14453.35,290.5965152,4833.94,14345.43,23.0,20.0,23.0
887,51.0,18444.45,461.83,14321.73,361.6558824,5232.68,13211.77,18.0,16.0,17.0
888,37.0,12186.58,399.57,14611.9,329.367027,2617.15,9569.43,10.0,15.0,12.0
889,47.0,13098.5,447.06,12896.68,278.6914894,1648.25,11450.25,22.0,16.0,9.0
890,42.0,12733.83,151.42,13758.91,303.1864286,2190.87,10542.96,20.0,14.0,8.0
891,52.0,14989.26,213.36,14021.4,288.255,3718.83,11270.43,21.0,17.0,14.0
892,41.0,11872.05,117.98,14942.78,289.5621951,4256.09,7615.96,12.0,20.0,9.0
893,56.0,18636.88,503.01,13293.83,332.8014286,5989.29,12647.59,14.0,19.0,23.0
894,48.0,13656.6,431.16,14817.22,284.5125,2314.08,11342.52,17.0,16.0,15.0
895,44.0,9110.44,213.0,13264.14,207.0554545,1635.29,7475.15,16.0,17.0,11.0
896,54.0,14187.59,160.83,14611.9,262.7331481,3002.97,11184.62,18.0,21.0,15.0
897,52.0,16244.93,131.25,13856.18,312.4025,2828.56,13416.37,20.0,15.0,17.0
898,48.0,15084.15,129.79,14371.08,314.253125,2176.49,12907.66,18.0,17.0,13.0
899,42.0,12245.04,319.65,14935.5,291.5485714,5736.5,6508.54,9.0,15.0,18.0
900,47.0,17459.05,187.9,13991.5,371.4691489,6244.45,11214.6,14.0,19.0,14.0
901,38.0,12014.99,225.53,14348.65,316.1839474,718.59,11296.4,12.0,11.0,15.0
902,53.0,16638.7,106.86,14350.11,313.9377358,5515.58,11123.12,21.0,14.0,18.0
903,48.0,14888.26,287.46,13586.06,310.1720833,3358.93,11529.33,20.0,17.0,11.0
904,58.0,15913.28,261.97,14833.34,274.3668966,2373.24,13540.04,13.0,22.0,23.0
905,65.0,20377.25,193.8,13948.09,313.4961538,5027.98,15349.27,16.0,22.0,27.0
906,52.0,16180.15,447.82,12139.83,311.1567308,3569.62,12610.53,18.0,10.0,24.0
907,36.0,13281.19,717.99,14021.4,368.9219444,1708.83,11572.36,19.0,7.0,10.0
908,56.0,15240.21,145.5,14401.17,272.1466071,3044.89,12195.32,23.0,14.0,19.0
909,40.0,11710.09,524.46,14576.47,292.75225,3330.43,8379.66,11.0,10.0,19.0
910,48.0,19574.62,125.85,14639.28,407.8045833,6411.4,13163.22,18.0,15.0,15.0
911,69.0,20872.44,131.25,14214.48,302.4991304,3302.57,17569.87,22.0,22.0,25.0
912,45.0,15858.94,123.24,14935.5,352.4208889,4424.75,11434.19,12.0,15.0,18.0
913,55.0,18172.16,151.28,14847.97,330.4029091,3511.43,14660.73,20.0,15.0,20.0
914,58.0,16595.99,101.25,14904.9,286.1377586,4545.05,12050.94,23.0,15.0,20.0
915,61.0,16842.49,102.2,14798.1,276.1063934,3210.86,13631.63,14.0,23.0,24.0
916,65.0,16678.49,123.24,14815.87,256.5921538,4526.68,12151.81,16.0,18.0,31.0
917,51.0,16166.6,105.01,13531.22,316.9921569,4117.21,12049.39,17.0,25.0,9.0
918,53.0,14769.5,187.9,14852.42,278.6698113,5168.63,9600.87,15.0,18.0,20.0
919,49.0,15862.26,106.86,14804.7,323.7195918,3431.8,12430.46,15.0,18.0,16.0
920,48.0,15278.37,123.24,14466.38,318.299375,3190.5,12087.87,17.0,13.0,18.0
921,62.0,20196.28,151.42,13182.11,325.7464516,5613.57,14582.71,22.0,21.0,19.0
922,53.0,15535.94,189.69,14851.28,293.1309434,4446.95,11088.99,15.0,20.0,18.0
923,60.0,20201.21,145.5,14180.21,336.6868333,5132.89,15068.32,22.0,14.0,24.0
924,39.0,13068.41,471.28,13560.63,335.0874359,4895.0,8173.41,10.0,18.0,11.0
925,70.0,19764.22,162.53,14077.97,282.346,3971.55,15792.67,22.0,22.0,26.0
926,63.0,21413.23,229.02,13586.99,339.8925397,7119.27,14293.96,21.0,27.0,15.0
927,50.0,10686.91,123.24,13991.5,213.7382,4591.31,6095.6,12.0,19.0,19.0
928,42.0,11373.28,105.01,14464.3,270.792381,3779.97,7593.31,8.0,21.0,13.0
929,45.0,15328.75,341.24,14852.42,340.6388889,4877.63,10451.12,17.0,12.0,16.0
930,49.0,16270.59,319.84,14783.33,332.0528571,5963.96,10306.63,16.0,15.0,18.0
931,37.0,16437.85,184.72,14935.5,444.2662162,1791.9,14645.95,13.0,14.0,10.0
932,44.0,12619.78,193.8,14143.32,286.8131818,2775.44,9844.34,13.0,14.0,17.0
933,48.0,14532.08,162.53,14765.41,302.7516667,2793.95,11738.13,14.0,17.0,17.0
934,48.0,14568.05,342.73,14395.88,303.5010417,2895.16,11672.89,19.0,12.0,17.0
935,45.0,12927.29,314.28,12319.26,287.2731111,4258.54,8668.75,17.0,16.0,12.0
936,46.0,15076.18,201.04,14611.9,327.7430435,5636.96,9439.22,14.0,18.0,14.0
937,48.0,11490.31,225.53,14942.78,239.3814583,2190.71,9299.6,15.0,20.0,13.0
938,53.0,18662.57,145.5,14851.28,352.1239623,1445.22,17217.35,22.0,19.0,12.0
939,49.0,11225.1,112.76,13293.83,229.0836735,2115.73,9109.37,14.0,16.0,19.0
940,70.0,18725.68,120.89,14783.33,267.5097143,1253.32,17472.36,26.0,21.0,23.0
941,40.0,14300.01,112.76,14489.69,357.50025,3178.61,11121.4,17.0,12.0,11.0
942,50.0,16058.02,261.97,11388.15,321.1604,2339.44,13718.58,22.0,13.0,15.0
943,47.0,14558.0,246.57,11108.39,309.7446809,4001.43,10556.57,14.0,15.0,18.0
944,49.0,13275.91,290.59,14928.35,270.9369388,3248.34,10027.57,18.0,18.0,13.0
945,53.0,13593.53,202.69,14273.42,256.4816981,3048.08,10545.45,17.0,14.0,22.0
946,71.0,26233.4,319.65,13777.1,369.484507,5052.6,21180.8,28.0,24.0,19.0
947,41.0,14890.68,248.52,13777.79,363.1873171,6563.22,8327.46,11.0,12.0,18.0
948,47.0,14095.11,221.79,14833.34,299.8959574,4019.7,10075.41,13.0,20.0,14.0
949,51.0,13729.68,289.71,14410.44,269.2094118,1753.46,11976.22,20.0,11.0,20.0
950,38.0,14539.58,101.25,14935.5,382.6205263,4904.32,9635.26,14.0,7.0,17.0
951,56.0,14919.33,164.12,13374.89,266.4166071,2726.13,12193.2,26.0,15.0,15.0
952,40.0,11834.48,319.04,13625.52,295.862,1781.74,10052.74,14.0,15.0,11.0
953,45.0,13881.44,699.9,14401.17,308.4764444,3588.95,10292.49,12.0,21.0,12.0
954,45.0,13544.28,296.47,13869.86,300.984,2681.71,10862.57,16.0,20.0,9.0
955,42.0,12271.31,234.41,14847.97,292.1740476,1219.35,11051.96,12.0,16.0,14.0
956,55.0,14679.25,136.74,13542.41,266.8954545,2856.25,11823.0,20.0,16.0,19.0
957,38.0,10562.86,145.5,13694.68,277.97,2670.45,7892.41,8.0,10.0,20.0
958,46.0,13708.43,117.98,14464.3,298.0093478,2570.59,11137.84,10.0,14.0,22.0
959,50.0,13914.04,136.77,13347.69,278.2808,4255.83,9658.21,13.0,24.0,13.0
960,45.0,9905.18,369.86,14639.28,220.1151111,2726.76,7178.42,15.0,13.0,17.0
961,36.0,9791.39,761.0,14410.44,271.9830556,2248.71,7542.68,12.0,11.0,13.0
962,58.0,15917.21,782.35,14847.97,274.4346552,3076.0,12841.21,23.0,19.0,16.0
963,60.0,22732.64,213.36,14352.33,378.8773333,3804.76,18927.88,22.0,21.0,17.0
964,44.0,8057.58,478.23,14268.95,183.1268182,1173.95,6883.63,16.0,11.0,17.0
965,51.0,13366.82,130.76,13586.06,262.0945098,2962.31,10404.51,15.0,22.0,14.0
966,52.0,12393.09,602.36,14928.35,238.3286538,2630.02,9763.07,10.0,22.0,20.0
967,62.0,18376.44,101.25,13696.31,296.3941935,2871.85,15504.59,22.0,11.0,29.0
968,53.0,18992.93,106.86,13777.79,358.3571698,4411.05,14581.88,13.0,20.0,20.0
969,49.0,13763.61,246.57,13538.14,280.89,2767.85,10995.76,16.0,13.0,20.0
970,65.0,18650.64,330.16,14611.9,286.9329231,2006.39,16644.25,22.0,23.0,20.0
971,57.0,18205.7,105.01,14631.88,319.3982456,4511.89,13693.81,15.0,22.0,20.0
972,53.0,19003.21,273.78,12896.06,358.5511321,4929.55,14073.66,20.0,17.0,16.0
973,54.0,18429.85,233.21,13084.27,341.2935185,4504.19,13925.66,17.0,19.0,18.0
974,46.0,14009.55,131.25,12995.7,304.5554348,3380.34,10629.21,15.0,13.0,18.0
975,51.0,14562.14,201.04,14466.38,285.5321569,3240.54,11321.6,11.0,19.0,21.0
976,54.0,15311.04,605.95,14389.45,283.5377778,3913.1,11397.94,17.0,20.0,17.0
977,48.0,15795.98,137.42,14365.18,329.0829167,3248.36,12547.62,19.0,12.0,17.0
978,68.0,21586.37,123.24,14817.22,317.4466176,4695.29,16891.08,22.0,27.0,19.0
979,41.0,12731.24,221.79,14273.42,310.5180488,4365.34,8365.9,16.0,15.0,10.0
980,51.0,14294.86,101.25,13558.56,280.2913725,3883.34,10411.52,15.0,16.0,20.0
981,44.0,15623.03,546.46,14273.42,355.0688636,4431.62,11191.41,19.0,12.0,13.0
982,41.0,15276.85,259.77,12139.83,372.6060976,3301.12,11975.73,14.0,12.0,15.0
983,54.0,15878.34,206.2,14352.33,294.0433333,3293.37,12584.97,13.0,23.0,18.0
984,46.0,14934.2,364.72,13374.89,324.6565217,1454.93,13479.27,14.0,20.0,12.0
985,62.0,18521.94,246.57,13586.06,298.7409677,4110.28,14411.66,31.0,22.0,9.0
986,36.0,11534.63,333.19,13498.55,320.4063889,1394.53,10140.1,15.0,12.0,9.0
987,54.0,13500.51,129.79,13586.06,250.0094444,2612.04,10888.47,17.0,17.0,20.0
988,45.0,13080.02,131.25,14365.18,290.6671111,4003.4,9076.62,9.0,23.0,13.0
989,49.0,14467.97,239.12,13389.16,295.2646939,3343.26,11124.71,12.0,14.0,23.0
990,47.0,14640.5,168.84,14942.78,311.5,2714.67,11925.83,11.0,17.0,19.0
991,33.0,8126.64,213.0,13801.15,246.2618182,3223.1,4903.54,9.0,13.0,11.0
992,50.0,18972.03,164.12,14348.65,379.4406,5583.44,13388.59,17.0,19.0,14.0
993,53.0,14611.67,136.74,14352.33,275.6918868,2280.33,12331.34,20.0,16.0,17.0
994,55.0,15029.51,105.01,14851.28,273.2638182,3723.07,11306.44,23.0,13.0,19.0
995,49.0,17324.13,192.63,12961.53,353.5536735,4729.96,12594.17,15.0,20.0,14.0
996,45.0,15116.28,136.74,14935.5,335.9173333,2431.35,12684.93,17.0,16.0,12.0
997,45.0,12015.35,162.53,14180.21,267.0077778,2213.45,9801.9,12.0,22.0,11.0
998,60.0,19827.53,229.02,14881.77,330.4588333,3508.7,16318.83,23.0,19.0,18.0
999,52.0,16767.45,160.83,14328.29,322.4509615,3808.63,12958.82,14.0,24.0,14.0
1000,57.0,18262.73,136.77,14935.5,320.3987719,5949.63,12313.1,15.0,26.0,16.0
